"uid","firstname","lastname","region","departement","circonscription","profession","group","group_short"
"308421","LUCIA","ALBANO","FRATELLI D'ITALIA CON GIORGIA MELONI","proporzionale","MARCHE - P01","Laurea in economia e commercio; Dottore commercialista, Insegnante di scuola secondaria superiore","FRATELLI D'ITALIA (FDI) (18.10.2022","FDI"
"307922","SERGIO","COSTA",,,"CAMPANIA 1 - P01","Laurea in scienze agrarie, Master in diritto dell'ambiente; Generale di Corpo d'armata, Arma dei Carabinieri","MOVIMENTO 5 STELLE (M5S) (18.10.2022","M5S"
"200291","RICCARDO","DE CORATO",,,"LOMBARDIA 1 - P01","Diploma di istituto tecnico commerciale; Dipendente pubblico","FRATELLI D'ITALIA (FDI) (18.10.2022","FDI"
"300469","LUANA","ZANELLA","ALLEANZA VERDI E SINISTRA","proporzionale","VENETO 2 - P02","Laurea in scienze politiche, Specializzazione in diritto del lavoro e della sicurezza sociale; Docente di discipline giuridiche ed economiche","ALLEANZA VERDI E SINISTRA (AVS) (27.10.2022","AVS"
"301531","MARIA ROSARIA","CARFAGNA","AZIONE - ITALIA VIVA - CALENDA","proporzionale","PUGLIA - P04","Laurea in giurisprudenza","NOI MODERATI (NOI CON L'ITALIA, CORAGGIO ITALIA, UDC E ITALIA AL CENTRO)-MAIE-CENTRO POPOLARE (NM(N-C-U-I)M-CP) (27.10.2022","NM(N-C-U-I)M-CP"
"300480","ROBERTO","GIACHETTI","AZIONE - ITALIA VIVA - CALENDA","proporzionale","LAZIO 1 - P01","Diploma di liceo scientifico; Giornalista professionista","AZIONE-POPOLARI EUROPEISTI RIFORMATORI-RENEW EUROPE (AZ-PER-RE) (18.10.2022","AZ-PER-RE"
"301541","ENRICO","COSTA","AZIONE - ITALIA VIVA - CALENDA","proporzionale","LOMBARDIA 1 - P02","Laurea in giurisprudenza; Avvocato","AZIONE-POPOLARI EUROPEISTI RIFORMATORI-RENEW EUROPE (AZ-PER-RE) (18.10.2022","AZ-PER-RE"
"301531","MARIA ROSARIA","CARFAGNA","AZIONE - ITALIA VIVA - CALENDA","proporzionale","PUGLIA - P04","Laurea in giurisprudenza","AZIONE-POPOLARI EUROPEISTI RIFORMATORI-RENEW EUROPE (AZ-PER-RE) (18.10.2022","AZ-PER-RE"
"300674","ETTORE","ROSATO","AZIONE - ITALIA VIVA - CALENDA","proporzionale","CAMPANIA 1 - P02","Diploma di istituto tecnico commerciale; Dipendente di azienda privata","AZIONE-POPOLARI EUROPEISTI RIFORMATORI-RENEW EUROPE (AZ-PER-RE) (18.10.2022","AZ-PER-RE"
"300319","EDMONDO","CIRIELLI","FRATELLI D'ITALIA CON GIORGIA MELONI","proporzionale","CAMPANIA 2 - P02","Laurea in giurisprudenza, Laurea in scienze politiche, Laurea in scienze della sicurezza interna ed esterna; Generale di brigata dei Carabinieri della riserva","FRATELLI D'ITALIA (FDI) (18.10.2022","FDI"
"300444","MAURIZIO","LEO","FRATELLI D'ITALIA CON GIORGIA MELONI","proporzionale","SICILIA 2 - P01"," Laurea in giurisprudenza; Docente universitario, Avvocato tributarista","FRATELLI D'ITALIA (FDI) (18.10.2022","FDI"
"302069","ARTURO","SCOTTO","PARTITO DEMOCRATICO - ITALIA DEMOCRATICA E PROGRESSISTA","proporzionale","TOSCANA - P03","Laurea in scienze politiche; Dirigente di partito","PARTITO DEMOCRATICO - ITALIA DEMOCRATICA E PROGRESSISTA (PD-IDP) (18.10.2022","PD-IDP"
"301541","ENRICO","COSTA","AZIONE - ITALIA VIVA - CALENDA","proporzionale","LOMBARDIA 1 - P02","Laurea in giurisprudenza; Avvocato","FORZA ITALIA - BERLUSCONI PRESIDENTE - PPE (FI-PPE) (18.10.2022","FI-PPE"
"300299","ANDREA GIORGIO FELICE MARIA","ORSINI","FORZA ITALIA","proporzionale","LOMBARDIA 4 - P01","Diploma di liceo classico; Dirigente","FORZA ITALIA - BERLUSCONI PRESIDENTE - PPE (FI-PPE) (18.10.2022","FI-PPE"
"300497","PAOLO","BARELLI","FORZA ITALIA","proporzionale","LAZIO 1 - P02","Diploma di liceo scientifico; Imprenditore","FORZA ITALIA - BERLUSCONI PRESIDENTE - PPE (FI-PPE) (18.10.2022","FI-PPE"
"300480","ROBERTO","GIACHETTI","AZIONE - ITALIA VIVA - CALENDA","proporzionale","LAZIO 1 - P01","Diploma di liceo scientifico; Giornalista professionista","ITALIA VIVA-IL CENTRO-RENEW EUROPE (IV-C-RE) (20.11.2023","IV-C-RE"
"300469","LUANA","ZANELLA","ALLEANZA VERDI E SINISTRA","proporzionale","VENETO 2 - P02","Laurea in scienze politiche, Specializzazione in diritto del lavoro e della sicurezza sociale; Docente di discipline giuridiche ed economiche","MISTO (MISTO) (18.10.2022","MISTO"
"301531","MARIA ROSARIA","CARFAGNA","AZIONE - ITALIA VIVA - CALENDA","proporzionale","PUGLIA - P04","Laurea in giurisprudenza","MISTO (MISTO) (18.10.2022","MISTO"
"302080","ANGELO","BONELLI",,,"EMILIA-ROMAGNA - P02","Diploma di istituto tecnico per geometri","ALLEANZA VERDI E SINISTRA (AVS) (27.10.2022","AVS"
"301439","LORENZO","CESA",,,"MOLISE - P01","Laurea in scienze politiche; Parlamentare","NOI MODERATI (NOI CON L'ITALIA, CORAGGIO ITALIA, UDC E ITALIA AL CENTRO)-MAIE-CENTRO POPOLARE (NM(N-C-U-I)M-CP) (27.10.2022","NM(N-C-U-I)M-CP"
"300447","MAURIZIO ENZO","LUPI",,,"LOMBARDIA 2 - P02","Laurea in scienze politiche; Dirigente di azienda privata","NOI MODERATI (NOI CON L'ITALIA, CORAGGIO ITALIA, UDC E ITALIA AL CENTRO)-MAIE-CENTRO POPOLARE (NM(N-C-U-I)M-CP) (27.10.2022","NM(N-C-U-I)M-CP"
"300369","FRANCESCO SAVERIO","ROMANO",,,"SICILIA 1 - P01","Laurea in giurisprudenza; Avvocato","NOI MODERATI (NOI CON L'ITALIA, CORAGGIO ITALIA, UDC E ITALIA AL CENTRO)-MAIE-CENTRO POPOLARE (NM(N-C-U-I)M-CP) (27.10.2022","NM(N-C-U-I)M-CP"
"301459","LAURA","RAVETTO",,,"LOMBARDIA 1 - P01","Laurea in giurisprudenza; Avvocato","LEGA - SALVINI PREMIER (LEGA) (18.10.2022","LEGA"
"301457","PAOLA","FRASSINETTI",,,"LOMBARDIA 1 - P02","Laurea in giurisprudenza; Avvocato","FRATELLI D'ITALIA (FDI) (18.10.2022","FDI"
"301558","ELISABETTA","GARDINI",,,"VENETO 2 - P01","Diploma di liceo classico, Diploma alla bottega teatrale di Firenze di VIttorio Gassman; Attrice di teatro","FRATELLI D'ITALIA (FDI) (18.10.2022","FDI"
"301436","FABIO","RAMPELLI",,,"LAZIO 1 - P01","Laurea in architettura; Architetto","FRATELLI D'ITALIA (FDI) (18.10.2022","FDI"
"301439","LORENZO","CESA",,,"MOLISE - P01","Laurea in scienze politiche; Parlamentare","MISTO (MISTO) (18.10.2022","MISTO"
"300447","MAURIZIO ENZO","LUPI",,,"LOMBARDIA 2 - P02","Laurea in scienze politiche; Dirigente di azienda privata","MISTO (MISTO) (18.10.2022","MISTO"
"300369","FRANCESCO SAVERIO","ROMANO",,,"SICILIA 1 - P01","Laurea in giurisprudenza; Avvocato","MISTO (MISTO) (18.10.2022","MISTO"
"301577","BENEDETTO","DELLA VEDOVA",,,"LOMBARDIA 1 - P01","Ricercatore; Economista","MISTO (MISTO) (18.10.2022","MISTO"
"302080","ANGELO","BONELLI",,,"EMILIA-ROMAGNA - P02","Diploma di istituto tecnico per geometri","MISTO (MISTO) (18.10.2022","MISTO"
"305880","NICOLA","FRATOIANNI","ALLEANZA VERDI E SINISTRA","proporzionale","TOSCANA - P03","Laurea in lettere e filosofia","ALLEANZA VERDI E SINISTRA (AVS) (27.10.2022","AVS"
"305708","MATTEO","RICHETTI","AZIONE - ITALIA VIVA - CALENDA","proporzionale","EMILIA-ROMAGNA - P01","Diploma di liceo scientifico; Addetto alle pubbliche relazioni","AZIONE-POPOLARI EUROPEISTI RIFORMATORI-RENEW EUROPE (AZ-PER-RE) (18.10.2022","AZ-PER-RE"
"305553","MARIA CHIARA","GADDA","AZIONE - ITALIA VIVA - CALENDA","proporzionale","LOMBARDIA 2 - P02","Laurea in ingegneria gestionale; Dipendente di azienda privata","AZIONE-POPOLARI EUROPEISTI RIFORMATORI-RENEW EUROPE (AZ-PER-RE) (18.10.2022","AZ-PER-RE"
"302942","ANTONIO","ANGELUCCI","LEGA PER SALVINI PREMIER","proporzionale","LAZIO 1 - P02","Licenza media; Imprenditore","LEGA - SALVINI PREMIER (LEGA) (18.10.2022","LEGA"
"302748","EUGENIA MARIA","ROCCELLA","FRATELLI D'ITALIA CON GIORGIA MELONI","proporzionale","CALABRIA - P01","Laurea in lettere, Dottorato di ricerca; Giornalista","FRATELLI D'ITALIA (FDI) (18.10.2022","FDI"
"302856","PAOLA","DE MICHELI","PARTITO DEMOCRATICO - ITALIA DEMOCRATICA E PROGRESSISTA","proporzionale","EMILIA-ROMAGNA - P01","Laurea in scienze politiche; Imprenditore agricolo, Dipendente di azienda privata","PARTITO DEMOCRATICO - ITALIA DEMOCRATICA E PROGRESSISTA (PD-IDP) (18.10.2022","PD-IDP"
"305815","MATTEO","ORFINI","PARTITO DEMOCRATICO - ITALIA DEMOCRATICA E PROGRESSISTA","proporzionale","LAZIO 2 - P02","Diploma di liceo classico; Parlamentare","PARTITO DEMOCRATICO - ITALIA DEMOCRATICA E PROGRESSISTA (PD-IDP) (18.10.2022","PD-IDP"
"305704","ANNA","ASCANI","PARTITO DEMOCRATICO - ITALIA DEMOCRATICA E PROGRESSISTA","proporzionale","UMBRIA - P01","Laurea in filosofia teoretica, morale, politica ed estetica; Dottoranda","PARTITO DEMOCRATICO - ITALIA DEMOCRATICA E PROGRESSISTA (PD-IDP) (18.10.2022","PD-IDP"
"302789","MARIA ANNA","MADIA","PARTITO DEMOCRATICO - ITALIA DEMOCRATICA E PROGRESSISTA","proporzionale","LAZIO 2 - P01","Laurea in scienze politiche, Dottorato di ricerca in economia; Parlamentare","PARTITO DEMOCRATICO - ITALIA DEMOCRATICA E PROGRESSISTA (PD-IDP) (18.10.2022","PD-IDP"
"302422","GIOVANNI","CUPERLO","PARTITO DEMOCRATICO - ITALIA DEMOCRATICA E PROGRESSISTA","proporzionale","LOMBARDIA 1 - P01","Laurea in discipline dell'arte, della musica e dello spettacolo; Funzionario","PARTITO DEMOCRATICO - ITALIA DEMOCRATICA E PROGRESSISTA (PD-IDP) (18.10.2022","PD-IDP"
"305624","LORENZO","GUERINI","PARTITO DEMOCRATICO - ITALIA DEMOCRATICA E PROGRESSISTA","proporzionale","LOMBARDIA 4 - P01","Laurea in scienze politiche; Consulente assicurativo","PARTITO DEMOCRATICO - ITALIA DEMOCRATICA E PROGRESSISTA (PD-IDP) (18.10.2022","PD-IDP"
"302746","VINICIO GIUSEPPE GUIDO","PELUFFO","PARTITO DEMOCRATICO - ITALIA DEMOCRATICA E PROGRESSISTA","proporzionale","LOMBARDIA 3 - P01","Laurea in scienze giuridiche; Dirigente di partito","PARTITO DEMOCRATICO - ITALIA DEMOCRATICA E PROGRESSISTA (PD-IDP) (18.10.2022","PD-IDP"
"302818","STEFANO","GRAZIANO","PARTITO DEMOCRATICO - ITALIA DEMOCRATICA E PROGRESSISTA","proporzionale","CAMPANIA 2 - P01","Laurea in ingegneria civile e ambientale; Ingegnere","PARTITO DEMOCRATICO - ITALIA DEMOCRATICA E PROGRESSISTA (PD-IDP) (18.10.2022","PD-IDP"
"305549","SIMONA","BONAFE'","PARTITO DEMOCRATICO - ITALIA DEMOCRATICA E PROGRESSISTA","proporzionale","TOSCANA - P03","Laurea in scienze politiche","PARTITO DEMOCRATICO - ITALIA DEMOCRATICA E PROGRESSISTA (PD-IDP) (18.10.2022","PD-IDP"
"302902","FABIO","PORTA","PARTITO DEMOCRATICO - ITALIA DEMOCRATICA E PROGRESSISTA","proporzionale","AMERICA MERIDIONALE","Sociologo","PARTITO DEMOCRATICO - ITALIA DEMOCRATICA E PROGRESSISTA (PD-IDP) (18.10.2022","PD-IDP"
"302754","CHIARA","BRAGA","PARTITO DEMOCRATICO - ITALIA DEMOCRATICA E PROGRESSISTA","proporzionale","LOMBARDIA 2 - P02","Laurea in pianificazione territoriale, urbanistica ed ambientale; Urbanista","PARTITO DEMOCRATICO - ITALIA DEMOCRATICA E PROGRESSISTA (PD-IDP) (18.10.2022","PD-IDP"
"305757","LAURA","BOLDRINI","PARTITO DEMOCRATICO - ITALIA DEMOCRATICA E PROGRESSISTA","proporzionale","TOSCANA - P02","Laurea in giurisprudenza; Funzionaria Agenzie ONU; Parlamentare","PARTITO DEMOCRATICO - ITALIA DEMOCRATICA E PROGRESSISTA (PD-IDP) (18.10.2022","PD-IDP"
"305771","IRENE","MANZI","PARTITO DEMOCRATICO - ITALIA DEMOCRATICA E PROGRESSISTA","proporzionale","MARCHE - P01","Laurea in giurisprudenza, Corsi e scritti di specializzazione e approfondimenti; Dipendente pubblico","PARTITO DEMOCRATICO - ITALIA DEMOCRATICA E PROGRESSISTA (PD-IDP) (18.10.2022","PD-IDP"
"302867","DEBORAH","BERGAMINI","FORZA ITALIA","proporzionale","TOSCANA - P01","Laurea in lingue e letterature straniere; Giornalista professionista, Vice Presidente del Gruppo PPE all'Assemblea del Consiglio d'Europa","FORZA ITALIA - BERLUSCONI PRESIDENTE - PPE (FI-PPE) (18.10.2022","FI-PPE"
"302968","CATIA","POLIDORI","FORZA ITALIA","proporzionale","UMBRIA - P01","Laurea in economia bancaria, dottorato di ricerca in Scienze della formazione; Imprenditore, Professore universitario","FORZA ITALIA - BERLUSCONI PRESIDENTE - PPE (FI-PPE) (18.10.2022","FI-PPE"
"303089","GILBERTO","PICHETTO FRATIN","FORZA ITALIA","proporzionale","PIEMONTE 1 - P02","Laurea in economia e commercio; Dottore commercialista","FORZA ITALIA - BERLUSCONI PRESIDENTE - PPE (FI-PPE) (18.10.2022","FI-PPE"
"305553","MARIA CHIARA","GADDA","AZIONE - ITALIA VIVA - CALENDA","proporzionale","LOMBARDIA 2 - P02","Laurea in ingegneria gestionale; Dipendente di azienda privata","ITALIA VIVA-IL CENTRO-RENEW EUROPE (IV-C-RE) (20.11.2023","IV-C-RE"
"305880","NICOLA","FRATOIANNI","ALLEANZA VERDI E SINISTRA","proporzionale","TOSCANA - P03","Laurea in lettere e filosofia","MISTO (MISTO) (18.10.2022","MISTO"
"302913","ANTONINO","MINARDO",,,"SICILIA 2 - P03","Laurea in scienze politiche; Dirigente di azienda privata","LEGA - SALVINI PREMIER (LEGA) (18.10.2022","LEGA"
"302980","ELENA","MACCANTI",,,"PIEMONTE 1 - P01","Giornalista professionista","LEGA - SALVINI PREMIER (LEGA) (18.10.2022","LEGA"
"302764","SILVANA ANDREINA","COMAROLI",,,"LOMBARDIA 4 - P01","Laurea in economia e commercio; Responsabile amministrativo","LEGA - SALVINI PREMIER (LEGA) (18.10.2022","LEGA"
"304521","EDOARDO","RIXI",,,"LIGURIA - P01","Laurea in economia e commercio","LEGA - SALVINI PREMIER (LEGA) (18.10.2022","LEGA"
"302762","NICOLA","MOLTENI",,,"LOMBARDIA 2 - P02","Laurea in giurisprudenza; Avvocato","LEGA - SALVINI PREMIER (LEGA) (18.10.2022","LEGA"
"302824","MASSIMO","BITONCI",,,"VENETO 2 - P01","Laurea in economia e commercio; Dottore commercialista, revisore contabile","LEGA - SALVINI PREMIER (LEGA) (18.10.2022","LEGA"
"305688","WALTER","RIZZETTO",,,"FRIULI-VENEZIA GIULIA - P01","Diploma di liceo classico","FRATELLI D'ITALIA (FDI) (18.10.2022","FDI"
"305698","ANDREA","DE MARIA",,,"EMILIA-ROMAGNA - P02","Diploma di liceo scientifico; Dirigente di partito","PARTITO DEMOCRATICO - ITALIA DEMOCRATICA E PROGRESSISTA (PD-IDP) (18.10.2022","PD-IDP"
"302794","ROBERTO","MORASSUT",,,"LAZIO 1 - P02","Laurea in lettere moderne; Dirigente di partito","PARTITO DEMOCRATICO - ITALIA DEMOCRATICA E PROGRESSISTA (PD-IDP) (18.10.2022","PD-IDP"
"302913","ANTONINO","MINARDO",,,"SICILIA 2 - P03","Laurea in scienze politiche; Dirigente di azienda privata","FORZA ITALIA - BERLUSCONI PRESIDENTE - PPE (FI-PPE) (18.10.2022","FI-PPE"
"302913","ANTONINO","MINARDO",,,"SICILIA 2 - P03","Laurea in scienze politiche; Dirigente di azienda privata","MISTO (MISTO) (18.10.2022","MISTO"
"305586","MANFRED","SCHULLIAN",,,"TRENTINO-ALTO ADIGE/SÜDTIROL - P01","Laurea in giurisprudenza; Avvocato amministrativista","MISTO (MISTO) (18.10.2022","MISTO"
"305580","RENATE","GEBHARD",,,"TRENTINO-ALTO ADIGE/SÜDTIROL - P01","Laurea in giurisprudenza; Avvocata.","MISTO (MISTO) (18.10.2022","MISTO"
"305733","LUCA","PASTORINO",,,"LIGURIA - P01","Laurea in economia aziendale; Funzionario amministrativo, Sindaco del Comune di Bogliasco","MISTO (MISTO) (18.10.2022","MISTO"
"302838","MICHELA VITTORIA","BRAMBILLA",,,"SICILIA 1 - P02",,"NOI MODERATI (NOI CON L'ITALIA, CORAGGIO ITALIA, UDC E ITALIA AL CENTRO)-MAIE-CENTRO POPOLARE (NM(N-C-U-I)M-CP) (27.10.2022","NM(N-C-U-I)M-CP"
"302103","GIORGIA","MELONI",,,"ABRUZZO - P01",,"FRATELLI D'ITALIA (FDI) (18.10.2022","FDI"
"302838","MICHELA VITTORIA","BRAMBILLA",,,"SICILIA 1 - P02",,"MISTO (MISTO) (18.10.2022","MISTO"
"306521","FILIBERTO","ZARATTI","ALLEANZA VERDI E SINISTRA","proporzionale","LAZIO 1 - P01","Laurea in scienze politiche; Consulente aziendale","ALLEANZA VERDI E SINISTRA (AVS) (27.10.2022","AVS"
"306003","FRANCESCO","BONIFAZI","AZIONE - ITALIA VIVA - CALENDA","proporzionale","TOSCANA - P03","Laurea in giurisprudenza, Master in diritto tributario; Avvocato tributarista","AZIONE-POPOLARI EUROPEISTI RIFORMATORI-RENEW EUROPE (AZ-PER-RE) (18.10.2022","AZ-PER-RE"
"306064","GIULIO CESARE","SOTTANELLI","AZIONE - ITALIA VIVA - CALENDA","proporzionale","ABRUZZO - P01","Laurea in scienze della comunicazione e dell'amministrazione; Agente di assicurazione","AZIONE-POPOLARI EUROPEISTI RIFORMATORI-RENEW EUROPE (AZ-PER-RE) (18.10.2022","AZ-PER-RE"
"306005","DAVIDE","FARAONE","AZIONE - ITALIA VIVA - CALENDA","proporzionale","SICILIA 1 - P02","Laurea in scienze politiche; Professione non rilevata","AZIONE-POPOLARI EUROPEISTI RIFORMATORI-RENEW EUROPE (AZ-PER-RE) (18.10.2022","AZ-PER-RE"
"306160","MARIA ELENA","BOSCHI","AZIONE - ITALIA VIVA - CALENDA","proporzionale","LAZIO 1 - P03","Laurea in giurisprudenza, Master in diritto societario; Avvocato in diritto societario","AZIONE-POPOLARI EUROPEISTI RIFORMATORI-RENEW EUROPE (AZ-PER-RE) (18.10.2022","AZ-PER-RE"
"306379","ISABELLA","DE MONTE","AZIONE - ITALIA VIVA - CALENDA","proporzionale","FRIULI-VENEZIA GIULIA - P01","Laurea in giurisprudenza; Dipendente pubblico","AZIONE-POPOLARI EUROPEISTI RIFORMATORI-RENEW EUROPE (AZ-PER-RE) (18.10.2022","AZ-PER-RE"
"306382","MAURO","DEL BARBA","AZIONE - ITALIA VIVA - CALENDA","proporzionale","LOMBARDIA 4 - P01","Laurea in scienze dell'informazione","AZIONE-POPOLARI EUROPEISTI RIFORMATORI-RENEW EUROPE (AZ-PER-RE) (18.10.2022","AZ-PER-RE"
"306158","GIUSEPPE","CASTIGLIONE","AZIONE - ITALIA VIVA - CALENDA","proporzionale","SICILIA 2 - P02","Diploma di liceo classico; Giornalista","AZIONE-POPOLARI EUROPEISTI RIFORMATORI-RENEW EUROPE (AZ-PER-RE) (18.10.2022","AZ-PER-RE"
"32460","UMBERTO","BOSSI","LEGA PER SALVINI PREMIER","proporzionale","LOMBARDIA 2 - P01","Diploma di liceo scientifico; Giornalista","LEGA - SALVINI PREMIER (LEGA) (18.10.2022","LEGA"
"306352","ENRICO","CAPPELLETTI","MOVIMENTO 5 STELLE","proporzionale","VENETO 2 - P01","Laurea in scienze politiche; consulente aziendale nell'ambito della sostenibilità ambientale","MOVIMENTO 5 STELLE (M5S) (18.10.2022","M5S"
"305974","ROBERTO","SPERANZA","PARTITO DEMOCRATICO - ITALIA DEMOCRATICA E PROGRESSISTA","proporzionale","CAMPANIA 1 - P01","Laurea in scienze politiche, Dottorato di ricerca in storia.","PARTITO DEMOCRATICO - ITALIA DEMOCRATICA E PROGRESSISTA (PD-IDP) (18.10.2022","PD-IDP"
"306176","MATTEO","MAURI","PARTITO DEMOCRATICO - ITALIA DEMOCRATICA E PROGRESSISTA","proporzionale","LOMBARDIA 1 - P02","Laurea in scienze politiche; Dirigente di partito","PARTITO DEMOCRATICO - ITALIA DEMOCRATICA E PROGRESSISTA (PD-IDP) (18.10.2022","PD-IDP"
"306417","BACHISIO SILVIO","LAI","PARTITO DEMOCRATICO - ITALIA DEMOCRATICA E PROGRESSISTA","proporzionale","SARDEGNA - P01","Dottorato di ricerca; Dirigente di azienda privata","PARTITO DEMOCRATICO - ITALIA DEMOCRATICA E PROGRESSISTA (PD-IDP) (18.10.2022","PD-IDP"
"306398","FEDERICO","FORNARO","PARTITO DEMOCRATICO - ITALIA DEMOCRATICA E PROGRESSISTA","proporzionale","PIEMONTE 2 - P01","Laurea in scienze politiche; Dirigente di azienda","PARTITO DEMOCRATICO - ITALIA DEMOCRATICA E PROGRESSISTA (PD-IDP) (18.10.2022","PD-IDP"
"306189","LIA","QUARTAPELLE PROCOPIO","PARTITO DEMOCRATICO - ITALIA DEMOCRATICA E PROGRESSISTA","proporzionale","LOMBARDIA 1 - P01","Dottorato di ricerca in economia; Ricercatrice","PARTITO DEMOCRATICO - ITALIA DEMOCRATICA E PROGRESSISTA (PD-IDP) (18.10.2022","PD-IDP"
"306008","CHIARA","GRIBAUDO","PARTITO DEMOCRATICO - ITALIA DEMOCRATICA E PROGRESSISTA","proporzionale","PIEMONTE 2 - P02","Educatrice e parlamentare","PARTITO DEMOCRATICO - ITALIA DEMOCRATICA E PROGRESSISTA (PD-IDP) (18.10.2022","PD-IDP"
"306497","STEFANO","VACCARI","PARTITO DEMOCRATICO - ITALIA DEMOCRATICA E PROGRESSISTA","proporzionale","EMILIA-ROMAGNA - P02","Diploma di istituto tecnico industriale; Dirigente di azienda privata","PARTITO DEMOCRATICO - ITALIA DEMOCRATICA E PROGRESSISTA (PD-IDP) (18.10.2022","PD-IDP"
"306139","NICOLA","STUMPO","PARTITO DEMOCRATICO - ITALIA DEMOCRATICA E PROGRESSISTA","proporzionale","CALABRIA - P01","Diploma di istituto tecnico per geometri; Funzionario di partito","PARTITO DEMOCRATICO - ITALIA DEMOCRATICA E PROGRESSISTA (PD-IDP) (18.10.2022","PD-IDP"
"306412","MARIA CECILIA","GUERRA","PARTITO DEMOCRATICO - ITALIA DEMOCRATICA E PROGRESSISTA","proporzionale","PIEMONTE 1 - P01","Dottorato di ricerca in economia politica; Professoressa ordinaria di scienza delle finanze","PARTITO DEMOCRATICO - ITALIA DEMOCRATICA E PROGRESSISTA (PD-IDP) (18.10.2022","PD-IDP"
"306395","ROSANNA","FILIPPIN","PARTITO DEMOCRATICO - ITALIA DEMOCRATICA E PROGRESSISTA","proporzionale","VENETO 2 - P02","Laurea in giurisprudenza; Avvocato","PARTITO DEMOCRATICO - ITALIA DEMOCRATICA E PROGRESSISTA (PD-IDP) (18.10.2022","PD-IDP"
"306214","LUCA","SQUERI","FORZA ITALIA","proporzionale","LOMBARDIA 3 - P02","Laurea in scienze giuridiche; Imprenditore","FORZA ITALIA - BERLUSCONI PRESIDENTE - PPE (FI-PPE) (18.10.2022","FI-PPE"
"306379","ISABELLA","DE MONTE","AZIONE - ITALIA VIVA - CALENDA","proporzionale","FRIULI-VENEZIA GIULIA - P01","Laurea in giurisprudenza; Dipendente pubblico","FORZA ITALIA - BERLUSCONI PRESIDENTE - PPE (FI-PPE) (18.10.2022","FI-PPE"
"306158","GIUSEPPE","CASTIGLIONE","AZIONE - ITALIA VIVA - CALENDA","proporzionale","SICILIA 2 - P02","Diploma di liceo classico; Giornalista","FORZA ITALIA - BERLUSCONI PRESIDENTE - PPE (FI-PPE) (18.10.2022","FI-PPE"
"306003","FRANCESCO","BONIFAZI","AZIONE - ITALIA VIVA - CALENDA","proporzionale","TOSCANA - P03","Laurea in giurisprudenza, Master in diritto tributario; Avvocato tributarista","ITALIA VIVA-IL CENTRO-RENEW EUROPE (IV-C-RE) (20.11.2023","IV-C-RE"
"306005","DAVIDE","FARAONE","AZIONE - ITALIA VIVA - CALENDA","proporzionale","SICILIA 1 - P02","Laurea in scienze politiche; Professione non rilevata","ITALIA VIVA-IL CENTRO-RENEW EUROPE (IV-C-RE) (20.11.2023","IV-C-RE"
"306160","MARIA ELENA","BOSCHI","AZIONE - ITALIA VIVA - CALENDA","proporzionale","LAZIO 1 - P03","Laurea in giurisprudenza, Master in diritto societario; Avvocato in diritto societario","ITALIA VIVA-IL CENTRO-RENEW EUROPE (IV-C-RE) (20.11.2023","IV-C-RE"
"306379","ISABELLA","DE MONTE","AZIONE - ITALIA VIVA - CALENDA","proporzionale","FRIULI-VENEZIA GIULIA - P01","Laurea in giurisprudenza; Dipendente pubblico","ITALIA VIVA-IL CENTRO-RENEW EUROPE (IV-C-RE) (20.11.2023","IV-C-RE"
"306382","MAURO","DEL BARBA","AZIONE - ITALIA VIVA - CALENDA","proporzionale","LOMBARDIA 4 - P01","Laurea in scienze dell'informazione","ITALIA VIVA-IL CENTRO-RENEW EUROPE (IV-C-RE) (20.11.2023","IV-C-RE"
"306521","FILIBERTO","ZARATTI","ALLEANZA VERDI E SINISTRA","proporzionale","LAZIO 1 - P01","Laurea in scienze politiche; Consulente aziendale","MISTO (MISTO) (18.10.2022","MISTO"
"306349","STEFANO","CANDIANI",,,"LOMBARDIA 2 - P01","Diploma di liceo scientifico; IMPRENDITORE PER PACKAGING PER L' INDUSTRIA COSMETICA E PROFUMIERA","LEGA - SALVINI PREMIER (LEGA) (18.10.2022","LEGA"
"305931","VINCENZO","AMENDOLA","PARTITO DEMOCRATICO - ITALIA DEMOCRATICA E PROGRESSISTA","proporzionale","BASILICATA - P01",,"PARTITO DEMOCRATICO - ITALIA DEMOCRATICA E PROGRESSISTA (PD-IDP) (18.10.2022","PD-IDP"
"36500","PIERO FRANCO","FASSINO","PARTITO DEMOCRATICO - ITALIA DEMOCRATICA E PROGRESSISTA","proporzionale","VENETO 1 - P01","Laurea in scienze politiche; Dirigente di partito","PARTITO DEMOCRATICO - ITALIA DEMOCRATICA E PROGRESSISTA (PD-IDP) (18.10.2022","PD-IDP"
"35980","LUCIANO","CIOCCHETTI",,,"LAZIO 1 - P03","Diploma di liceo scientifico, Laurea in scienze politiche e delle relazioni internazionali; Giornalista","FRATELLI D'ITALIA (FDI) (18.10.2022","FDI"
"34580","BRUNO","TABACCI",,,"LOMBARDIA 1 - P01","Laurea in economia e commercio","PARTITO DEMOCRATICO - ITALIA DEMOCRATICA E PROGRESSISTA (PD-IDP) (18.10.2022","PD-IDP"
"39130","GIULIO CARLO DANILO","TREMONTI","FRATELLI D'ITALIA CON GIORGIA MELONI","proporzionale","LOMBARDIA 1 - P02","Laurea in giurisprudenza; Professore ordinario di discipline giuridiche; Avvocato","FRATELLI D'ITALIA (FDI) (18.10.2022","FDI"
"50115","GIANCARLO","GIORGETTI",,,"LOMBARDIA 2 - P02","Laurea in economia aziendale","LEGA - SALVINI PREMIER (LEGA) (18.10.2022","LEGA"
"38560","GIANFRANCO","ROTONDI",,,"CAMPANIA 2 - P02","Laurea in giurisprudenza; Giornalista professionista","FRATELLI D'ITALIA (FDI) (18.10.2022","FDI"
"50204","TOMMASO","FOTI",,,"EMILIA-ROMAGNA - P01","Diploma di liceo scientifico; Già dirigente di azienda privata","FRATELLI D'ITALIA (FDI) (18.10.2022","FDI"
"307634","DEVIS","DORI","ALLEANZA VERDI E SINISTRA","proporzionale","LOMBARDIA 2 - P02","Laurea in giurisprudenza; Diploma accademico in pianoforte; Avvocato","ALLEANZA VERDI E SINISTRA (AVS) (27.10.2022","AVS"
"307478","DANIELA","RUFFINO","AZIONE - ITALIA VIVA - CALENDA","proporzionale","PIEMONTE 1 - P01","Diploma di istituto tecnico femminile; Parlamentare","AZIONE-POPOLARI EUROPEISTI RIFORMATORI-RENEW EUROPE (AZ-PER-RE) (18.10.2022","AZ-PER-RE"
"307570","ARIANNA","LAZZARINI","LEGA PER SALVINI PREMIER","proporzionale","VENETO 2 - P01","Diploma di istituto tecnico commerciale; Sindaco","LEGA - SALVINI PREMIER (LEGA) (18.10.2022","LEGA"
"307641","IGOR GIANCARLO","IEZZI","LEGA PER SALVINI PREMIER","proporzionale","LOMBARDIA 1 - P01","Diploma di liceo scientifico; Giornalista","LEGA - SALVINI PREMIER (LEGA) (18.10.2022","LEGA"
"307616","EUGENIO","ZOFFILI","LEGA PER SALVINI PREMIER","proporzionale","LOMBARDIA 2 - P02","Diploma di liceo classico; Consigliere comunale, Giornalista pubblicista","LEGA - SALVINI PREMIER (LEGA) (18.10.2022","LEGA"
"307471","ALESSANDRO MANUEL","BENVENUTO","LEGA PER SALVINI PREMIER","proporzionale","PIEMONTE 1 - P02","Laurea in scienze politiche; Parlamentare; già Consigliere regionale del Piemonte; già Consigliere comunale città di Venaria Reale","LEGA - SALVINI PREMIER (LEGA) (18.10.2022","LEGA"
"307508","ANDREA","GIACCONE","LEGA PER SALVINI PREMIER","proporzionale","PIEMONTE 2 - P02","Laurea in architettura, Corsi e scritti di specializzazione e approfondimenti; Architetto","LEGA - SALVINI PREMIER (LEGA) (18.10.2022","LEGA"
"307680","FABRIZIO","CECCHETTI","LEGA PER SALVINI PREMIER","proporzionale","LOMBARDIA 1 - P02","Diploma di liceo scientifico; Imprenditore","LEGA - SALVINI PREMIER (LEGA) (18.10.2022","LEGA"
"307453","RICCARDO AUGUSTO","MARCHETTI","LEGA PER SALVINI PREMIER","proporzionale","MARCHE - P01","Laurea in scienze per l'investigazione e la sicurezza; Consulente","LEGA - SALVINI PREMIER (LEGA) (18.10.2022","LEGA"
"307602","PAOLO","FORMENTINI","LEGA PER SALVINI PREMIER","proporzionale","LOMBARDIA 3 - P02","Diploma di liceo classico","LEGA - SALVINI PREMIER (LEGA) (18.10.2022","LEGA"
"307585","ERIK UMBERTO","PRETTO","LEGA PER SALVINI PREMIER","proporzionale","VENETO 2 - P02","Imprenditore","LEGA - SALVINI PREMIER (LEGA) (18.10.2022","LEGA"
"307632","GIULIO","CENTEMERO","LEGA PER SALVINI PREMIER","proporzionale","LOMBARDIA 3 - P01","Laurea in economia e commercio, Executive master in management dell'amministrazione pubblica; Commercialista","LEGA - SALVINI PREMIER (LEGA) (18.10.2022","LEGA"
"307983","LUCA","TOCCALINI","LEGA PER SALVINI PREMIER","proporzionale","LOMBARDIA 4 - P01","Laurea in economia e gestione aziendale; Impiegato","LEGA - SALVINI PREMIER (LEGA) (18.10.2022","LEGA"
"308221","EMMA","PAVANELLI","MOVIMENTO 5 STELLE","proporzionale","UMBRIA - P01","Parlamentare","MOVIMENTO 5 STELLE (M5S) (18.10.2022","M5S"
"307564","ANNA LAURA","ORRICO","MOVIMENTO 5 STELLE","proporzionale","CALABRIA - P01","Laurea in scienze politiche; Imprenditore del settore dei servizi","MOVIMENTO 5 STELLE (M5S) (18.10.2022","M5S"
"307926","GIUSEPPE","CONTE","MOVIMENTO 5 STELLE","proporzionale","LOMBARDIA 1 - P02","Laurea in giurisprudenza; Professore universitario, Avvocato","MOVIMENTO 5 STELLE (M5S) (18.10.2022","M5S"
"307459","ILARIA","FONTANA","MOVIMENTO 5 STELLE","proporzionale","LAZIO 2 - P02","Laurea in scienze biologiche; Sottosegretario al Ministero della transizione ecologica (dal 01/03/2021)","MOVIMENTO 5 STELLE (M5S) (18.10.2022","M5S"
"307452","EMANUELE","PRISCO","FRATELLI D'ITALIA CON GIORGIA MELONI","proporzionale","UMBRIA - P01","Laurea in giurisprudenza; Funzionario","FRATELLI D'ITALIA (FDI) (18.10.2022","FDI"
"307463","FRANCESCO","LOLLOBRIGIDA","FRATELLI D'ITALIA CON GIORGIA MELONI","proporzionale","LAZIO 2 - P02","Laurea in giurisprudenza","FRATELLI D'ITALIA (FDI) (18.10.2022","FDI"
"307481","CLAUDIO","MANCINI","PARTITO DEMOCRATICO - ITALIA DEMOCRATICA E PROGRESSISTA","proporzionale","LAZIO 1 - P03","Diploma di liceo classico; Quadro intermedio","PARTITO DEMOCRATICO - ITALIA DEMOCRATICA E PROGRESSISTA (PD-IDP) (18.10.2022","PD-IDP"
"307561","PIERO","DE LUCA","PARTITO DEMOCRATICO - ITALIA DEMOCRATICA E PROGRESSISTA","proporzionale","CAMPANIA 2 - P02","Dottorato di ricerca in diritto ed economia - Diplome d'etudes specialisées; Avvocato; Professore di seconda fascia","PARTITO DEMOCRATICO - ITALIA DEMOCRATICA E PROGRESSISTA (PD-IDP) (18.10.2022","PD-IDP"
"307580","PIERGIORGIO","CORTELAZZO","FORZA ITALIA","proporzionale","VENETO 1 - P01","Diploma di istituto tecnico per geometri; Imprenditore","FORZA ITALIA - BERLUSCONI PRESIDENTE - PPE (FI-PPE) (18.10.2022","FI-PPE"
"307604","STEFANO","BENIGNI","FORZA ITALIA","proporzionale","LOMBARDIA 2 - P02","Diploma di liceo scientifico; Consulente finanziario","FORZA ITALIA - BERLUSCONI PRESIDENTE - PPE (FI-PPE) (18.10.2022","FI-PPE"
"307466","PATRIZIA","MARROCCO","FORZA ITALIA","proporzionale","LAZIO 2 - P02","Dirigente di azienda privata","FORZA ITALIA - BERLUSCONI PRESIDENTE - PPE (FI-PPE) (18.10.2022","FI-PPE"
"307634","DEVIS","DORI","ALLEANZA VERDI E SINISTRA","proporzionale","LOMBARDIA 2 - P02","Laurea in giurisprudenza; Diploma accademico in pianoforte; Avvocato","MISTO (MISTO) (18.10.2022","MISTO"
"307603","ALESSANDRO","COLUCCI",,,"PUGLIA - P04","Laurea in economia aziendale","NOI MODERATI (NOI CON L'ITALIA, CORAGGIO ITALIA, UDC E ITALIA AL CENTRO)-MAIE-CENTRO POPOLARE (NM(N-C-U-I)M-CP) (27.10.2022","NM(N-C-U-I)M-CP"
"307571","ALBERTO","STEFANI",,,"VENETO 2 - P01","Laurea in giurisprudenza; Consulente legale","LEGA - SALVINI PREMIER (LEGA) (18.10.2022","LEGA"
"307502","ALESSANDRO","GIGLIO VIGNA",,,"PIEMONTE 1 - P02","Diploma di istituto tecnico commerciale; Imprenditore","LEGA - SALVINI PREMIER (LEGA) (18.10.2022","LEGA"
"307689","INGRID","BISA",,,"VENETO 1 - P01","Laurea in giurisprudenza; Avvocato","LEGA - SALVINI PREMIER (LEGA) (18.10.2022","LEGA"
"307686","GIORGIA","ANDREUZZA",,,"VENETO 1 - P01","Laurea in architettura; Architetto","LEGA - SALVINI PREMIER (LEGA) (18.10.2022","LEGA"
"307143","EDOARDO","ZIELLO",,,"TOSCANA - P03","Laurea in giurisprudenza; Giurista","LEGA - SALVINI PREMIER (LEGA) (18.10.2022","LEGA"
"307591","LORENZO","FONTANA",,,"VENETO 2 - P03","Laurea in scienze politiche, Laurea in storia contemporanea, Laurea in filosofia; Dipendente","LEGA - SALVINI PREMIER (LEGA) (18.10.2022","LEGA"
"307639","ANDREA","CRIPPA",,,"LOMBARDIA 1 - P02","Laurea in scienze politiche","LEGA - SALVINI PREMIER (LEGA) (18.10.2022","LEGA"
"307475","ALBERTO LUIGI","GUSMEROLI",,,"PIEMONTE 2 - P01","Laurea in economia indirizzo finanza aziendale e credito; Commercialista e revisore dei conti","LEGA - SALVINI PREMIER (LEGA) (18.10.2022","LEGA"
"307716","VANESSA","CATTOI",,,"TRENTINO-ALTO ADIGE/SÜDTIROL - P01","Laurea in economia e commercio, Master presso la Trento School of Managment come consulente di impresa tra integrazione dei servizi e telelavoro; Dipendente pubblico","LEGA - SALVINI PREMIER (LEGA) (18.10.2022","LEGA"
"307688","DIMITRI","COIN",,,"VENETO 1 - P01","Diploma di istituto tecnico agrario; Imprenditore","LEGA - SALVINI PREMIER (LEGA) (18.10.2022","LEGA"
"307601","SIMONA","BORDONALI",,,"LOMBARDIA 3 - P02","Perito aziendale corrispondente lingue estere; Libero professionista","LEGA - SALVINI PREMIER (LEGA) (18.10.2022","LEGA"
"307630","REBECCA","FRASSINI",,,"LOMBARDIA 3 - P01","Laurea in economia; Dipendente di azienda privata","LEGA - SALVINI PREMIER (LEGA) (18.10.2022","LEGA"
"307507","RICCARDO","MOLINARI",,,"PIEMONTE 2 - P02","Laurea in giurisprudenza; Libero professionista","LEGA - SALVINI PREMIER (LEGA) (18.10.2022","LEGA"
"307138","VANNIA","GAVA",,,"FRIULI-VENEZIA GIULIA - P01","Parlamentare","LEGA - SALVINI PREMIER (LEGA) (18.10.2022","LEGA"
"307575","CIRO","MASCHIO",,,"VENETO 2 - P03","Laurea in giurisprudenza; Avvocato","FRATELLI D'ITALIA (FDI) (18.10.2022","FDI"
"307455","MAURO","ROTELLI",,,"LAZIO 2 - P01","Laurea in economia aziendale, Laurea in scienze politiche; Responsabile marketing e comunicazione","FRATELLI D'ITALIA (FDI) (18.10.2022","FDI"
"307479","ANDREA","DELMASTRO DELLE VEDOVE",,,"PIEMONTE 2 - P01","Laurea in giurisprudenza; Avvocato penalista","FRATELLI D'ITALIA (FDI) (18.10.2022","FDI"
"307511","MONICA","CIABURRO",,,"PIEMONTE 2 - P02","DIPLOMA ACCADEMICO DIDATTICA DELLA MUSICA; Insegnante di scuola secondaria inferiore; Sindaco","FRATELLI D'ITALIA (FDI) (18.10.2022","FDI"
"307612","MARCO","OSNATO",,,"LOMBARDIA 1 - P02","Laurea in giurisprudenza; Imprenditore","FRATELLI D'ITALIA (FDI) (18.10.2022","FDI"
"307457","PAOLO","TRANCASSINI",,,"LAZIO 2 - P01","Laurea in giurisprudenza; Avvocato civilista","FRATELLI D'ITALIA (FDI) (18.10.2022","FDI"
"307142","RICCARDO","ZUCCONI",,,"TOSCANA - P01","Diploma di liceo scientifico; Imprenditore","FRATELLI D'ITALIA (FDI) (18.10.2022","FDI"
"307573","MARIA CRISTINA","CARETTA",,,"VENETO 2 - P02","Parlamentare","FRATELLI D'ITALIA (FDI) (18.10.2022","FDI"
"307464","AUGUSTA","MONTARULI",,,"PIEMONTE 1 - P01","Laurea in giurisprudenza; Avvocato","FRATELLI D'ITALIA (FDI) (18.10.2022","FDI"
"307567","WANDA","FERRO",,,"CALABRIA - P01","Laurea in lettere moderne","FRATELLI D'ITALIA (FDI) (18.10.2022","FDI"
"307454","RAFFAELE","NEVI",,,"UMBRIA - P01","Laurea in scienze politiche; Imprenditore agricolo","FORZA ITALIA - BERLUSCONI PRESIDENTE - PPE (FI-PPE) (18.10.2022","FI-PPE"
"307456","ALESSANDRO","BATTILOCCHIO",,,"LAZIO 1 - P03","Laurea in giurisprudenza, Laurea in scienze politiche; Parlamentare","FORZA ITALIA - BERLUSCONI PRESIDENTE - PPE (FI-PPE) (18.10.2022","FI-PPE"
"308766","TOMMASO ANTONINO","CALDERONE",,,"SICILIA 2 - P01","Laurea in giurisprudenza; Avvocato patrocinante in cassazione","FORZA ITALIA - BERLUSCONI PRESIDENTE - PPE (FI-PPE) (18.10.2022","FI-PPE"
"307678","CRISTINA","ROSSELLO",,,"LOMBARDIA 1 - P01","Laurea in giurisprudenza, Scuola di formazione per Amministratore Giudiziario; Avvocato civilista; Cassazionista; Amministratore Giudiziario","FORZA ITALIA - BERLUSCONI PRESIDENTE - PPE (FI-PPE) (18.10.2022","FI-PPE"
"307657","ALESSANDRO","CATTANEO",,,"LOMBARDIA 4 - P01","Ingegnere; Ingegnere elettronico;","FORZA ITALIA - BERLUSCONI PRESIDENTE - PPE (FI-PPE) (18.10.2022","FI-PPE"
"307659","GLORIA","SACCANI",,,"EMILIA-ROMAGNA - P03","Laurea in medicina e chirurgia, Specializzazione in Anatomia Patologica; Professore ordinario di patologia clinica","FORZA ITALIA - BERLUSCONI PRESIDENTE - PPE (FI-PPE) (18.10.2022","FI-PPE"
"307568","FRANCESCO","CANNIZZARO",,,"CALABRIA - P01","Laurea in scienze sociali per la cooperazione, lo sviluppo e la pace; Imprenditore","FORZA ITALIA - BERLUSCONI PRESIDENTE - PPE (FI-PPE) (18.10.2022","FI-PPE"
"307608","ALESSANDRO","SORTE",,,"LOMBARDIA 3 - P01","Laurea in economia aziendale","FORZA ITALIA - BERLUSCONI PRESIDENTE - PPE (FI-PPE) (18.10.2022","FI-PPE"
"307496","ROBERTO","PELLA",,,"PIEMONTE 1 - P02","DIPLOMA DI RAGIONERIA; Imprenditore del settore tessile","FORZA ITALIA - BERLUSCONI PRESIDENTE - PPE (FI-PPE) (18.10.2022","FI-PPE"
"308620","ANDREA","GENTILE",,,"CALABRIA - P01","Laurea in giurisprudenza; Avvocato penalista, Docente universitario","FORZA ITALIA - BERLUSCONI PRESIDENTE - PPE (FI-PPE) (18.10.2022","FI-PPE"
"307603","ALESSANDRO","COLUCCI",,,"PUGLIA - P04","Laurea in economia aziendale","MISTO (MISTO) (18.10.2022","MISTO"
"307531","MICHELE","GUBITOSA","MOVIMENTO 5 STELLE","proporzionale","CAMPANIA 2 - P02",,"MOVIMENTO 5 STELLE (M5S) (18.10.2022","M5S"
"307683","ANDREA","DARA",,,"LOMBARDIA 4 - P01",,"LEGA - SALVINI PREMIER (LEGA) (18.10.2022","LEGA"
"308924","NAIKE","GRUPPIONI","AZIONE - ITALIA VIVA - CALENDA","proporzionale","EMILIA-ROMAGNA - P02","Laurea in Economia aziendale e gestione delle imprese internazionali; Imprenditrice del settore metalmeccanico","AZIONE-POPOLARI EUROPEISTI RIFORMATORI-RENEW EUROPE (AZ-PER-RE) (18.10.2022","AZ-PER-RE"
"308781","FEDERICA","ONORI","MOVIMENTO 5 STELLE","proporzionale","EUROPA","DOTTORATO DI RICERCA IN SCIENZE STATISTICHE; ASSISTENTE STATISTICA PRESSO LA COMMISSIONE EUROPEA","AZIONE-POPOLARI EUROPEISTI RIFORMATORI-RENEW EUROPE (AZ-PER-RE) (18.10.2022","AZ-PER-RE"
"308875","ANTONIO","D'ALESSIO","AZIONE - ITALIA VIVA - CALENDA","proporzionale","CAMPANIA 2 - P02","Laurea in giurisprudenza; Avvocato patrocinante in cassazione","AZIONE-POPOLARI EUROPEISTI RIFORMATORI-RENEW EUROPE (AZ-PER-RE) (18.10.2022","AZ-PER-RE"
"308244","ELENA","BONETTI","AZIONE - ITALIA VIVA - CALENDA","proporzionale","VENETO 2 - P02","PHD in matematica; Professoressa associata di analisi matematica","AZIONE-POPOLARI EUROPEISTI RIFORMATORI-RENEW EUROPE (AZ-PER-RE) (18.10.2022","AZ-PER-RE"
"308895","GIULIA","PASTORELLA","AZIONE - ITALIA VIVA - CALENDA","proporzionale","LOMBARDIA 1 - P01","Laurea in lettere e filosofia a Oxford, Dottorato di ricerca alla London School of Economics, Master in politica europea a Sciences Po e London School of Economics; Direttrice delle pubbliche relazioni","AZIONE-POPOLARI EUROPEISTI RIFORMATORI-RENEW EUROPE (AZ-PER-RE) (18.10.2022","AZ-PER-RE"
"308921","GIOVANNA","MIELE","LEGA PER SALVINI PREMIER","proporzionale","LAZIO 2 - P02","Laurea in scienze dell'educazione e della formazione; Dipendente pubblico","LEGA - SALVINI PREMIER (LEGA) (18.10.2022","LEGA"
"307416","LUCIANO","CANTONE","MOVIMENTO 5 STELLE","proporzionale","SICILIA 2 - P02","Laurea triennale in Scienze e Tecnologie dei Trasporti; Dipendente di azienda privata","MOVIMENTO 5 STELLE (M5S) (18.10.2022","M5S"
"307790","GIANMAURO","DELL'OLIO","MOVIMENTO 5 STELLE","proporzionale","PUGLIA - P02","Laurea in economia aziendale, Executive MBA (Ross School of business, Michigan University); Commercialista; Consulente aziendale","MOVIMENTO 5 STELLE (M5S) (18.10.2022","M5S"
"308781","FEDERICA","ONORI","MOVIMENTO 5 STELLE","proporzionale","EUROPA","DOTTORATO DI RICERCA IN SCIENZE STATISTICHE; ASSISTENTE STATISTICA PRESSO LA COMMISSIONE EUROPEA","MOVIMENTO 5 STELLE (M5S) (18.10.2022","M5S"
"307435","VITTORIA","BALDINO","MOVIMENTO 5 STELLE","proporzionale","CALABRIA - P01","Avvocato","MOVIMENTO 5 STELLE (M5S) (18.10.2022","M5S"
"308818","DANIELA","MORFINO","MOVIMENTO 5 STELLE","proporzionale","SICILIA 1 - P01","Diploma di istituto magistrale; Insegnante di scuola primaria","MOVIMENTO 5 STELLE (M5S) (18.10.2022","M5S"
"307418","FILIPPO","SCERRA","MOVIMENTO 5 STELLE","proporzionale","SICILIA 2 - P03","Laurea in ingegneria chimica; Quadro intermedio","MOVIMENTO 5 STELLE (M5S) (18.10.2022","M5S"
"308858","SUSANNA","CHERCHI","MOVIMENTO 5 STELLE","proporzionale","SARDEGNA - P01","Laurea magistrale; Insegnante in pensione","MOVIMENTO 5 STELLE (M5S) (18.10.2022","M5S"
"307822","PASQUA","L'ABBATE","MOVIMENTO 5 STELLE","proporzionale","PUGLIA - P03","Professoressa di economia ecologica; P.h.D.","MOVIMENTO 5 STELLE (M5S) (18.10.2022","M5S"
"307302","STEFANIA","ASCARI","MOVIMENTO 5 STELLE","proporzionale","EMILIA-ROMAGNA - P02","Laurea in giurisprudenza, Corsi e scritti di specializzazione e approfondimenti; Avvocata penalista ed esperta in diritto dell'immigrazione","MOVIMENTO 5 STELLE (M5S) (18.10.2022","M5S"
"307892","AGOSTINO","SANTILLO","MOVIMENTO 5 STELLE","proporzionale","CAMPANIA 2 - P01","Laurea in ingegneria civile; Ingegnere edile e idraulico","MOVIMENTO 5 STELLE (M5S) (18.10.2022","M5S"
"308824","CHIARA","APPENDINO","MOVIMENTO 5 STELLE","proporzionale","PIEMONTE 2 - P02","Laurea in amministrazione, finanza e controllo aziendale; Dipendente di azienda privata, già sindaca di Torino","MOVIMENTO 5 STELLE (M5S) (18.10.2022","M5S"
"308897","MANLIO","MESSINA","FRATELLI D'ITALIA CON GIORGIA MELONI","proporzionale","SICILIA 2 - P02","Laurea in economia e commercio; Imprenditore","FRATELLI D'ITALIA (FDI) (18.10.2022","FDI"
"307175","RACHELE","SILVESTRI","FRATELLI D'ITALIA CON GIORGIA MELONI","proporzionale","ABRUZZO - P01","Diploma di istituto tecnico industriale; Impiegato","FRATELLI D'ITALIA (FDI) (18.10.2022","FDI"
"308923","PAOLO","PULCIANI","FRATELLI D'ITALIA CON GIORGIA MELONI","proporzionale","LAZIO 2 - P02","Laurea in giurisprudenza; Avvocato","FRATELLI D'ITALIA (FDI) (18.10.2022","FDI"
"308940","EMANUELE","LOPERFIDO","FRATELLI D'ITALIA CON GIORGIA MELONI","proporzionale","FRIULI-VENEZIA GIULIA - P01","Laurea in scienze politiche; Dipendente di azienda privata","FRATELLI D'ITALIA (FDI) (18.10.2022","FDI"
"308924","NAIKE","GRUPPIONI","AZIONE - ITALIA VIVA - CALENDA","proporzionale","EMILIA-ROMAGNA - P02","Laurea in Economia aziendale e gestione delle imprese internazionali; Imprenditrice del settore metalmeccanico","FRATELLI D'ITALIA (FDI) (18.10.2022","FDI"
"308887","FRANCESCO","MICHELOTTI","FRATELLI D'ITALIA CON GIORGIA MELONI","proporzionale","TOSCANA - P02","Laurea in giurisprudenza; Avvocato, dirigente nazionale di Fratelli d'Italia, già assessore del Comune di Siena","FRATELLI D'ITALIA (FDI) (18.10.2022","FDI"
"308905","NOVO UMBERTO","MAERNA","FRATELLI D'ITALIA CON GIORGIA MELONI","proporzionale","LOMBARDIA 2 - P02","Laurea in ingegneria; DIRIGENTE D'AZIENDA","FRATELLI D'ITALIA (FDI) (18.10.2022","FDI"
"308927","GAETANA","RUSSO","FRATELLI D'ITALIA CON GIORGIA MELONI","proporzionale","EMILIA-ROMAGNA - P01","Laurea in giurisprudenza; Funzionario amministrativo contabile del MIMS","FRATELLI D'ITALIA (FDI) (18.10.2022","FDI"
"308889","FABIO","PIETRELLA","FRATELLI D'ITALIA CON GIORGIA MELONI","proporzionale","LOMBARDIA 1 - P02","Laurea in economia aziendale; Imprenditore del settore della moda","FRATELLI D'ITALIA (FDI) (18.10.2022","FDI"
"308784","ANDREA","DI GIUSEPPE","LEGA PER SALVINI PREMIER - FORZA ITALIA - FRATELLI D'ITALIA","proporzionale","AMERICA SETTENTRIONALE E CENTRALE","Diploma di istituto tecnico commerciale; Imprenditore edile","FRATELLI D'ITALIA (FDI) (18.10.2022","FDI"
"307430","PATRIZIA","PRESTIPINO","PARTITO DEMOCRATICO - ITALIA DEMOCRATICA E PROGRESSISTA","proporzionale","LAZIO 1 - P01","Laurea in lettere classiche; Insegnante di scuola secondaria superiore","PARTITO DEMOCRATICO - ITALIA DEMOCRATICA E PROGRESSISTA (PD-IDP) (18.10.2022","PD-IDP"
"307304","UBALDO","PAGANO","PARTITO DEMOCRATICO - ITALIA DEMOCRATICA E PROGRESSISTA","proporzionale","PUGLIA - P03","Laurea in giurisprudenza; Avvocato civilista e amministrativista","PARTITO DEMOCRATICO - ITALIA DEMOCRATICA E PROGRESSISTA (PD-IDP) (18.10.2022","PD-IDP"
"309160","NADIA","ROMEO","PARTITO DEMOCRATICO - ITALIA DEMOCRATICA E PROGRESSISTA","proporzionale","VENETO 2 - P01","Laurea in scienze politiche e relazioni internazionali; Consulente del lavoro","PARTITO DEMOCRATICO - ITALIA DEMOCRATICA E PROGRESSISTA (PD-IDP) (18.10.2022","PD-IDP"
"307826","MAURO ANTONIO DONATO","LAUS","PARTITO DEMOCRATICO - ITALIA DEMOCRATICA E PROGRESSISTA","proporzionale","PIEMONTE 1 - P01","Diploma di istituto tecnico industriale; Imprenditore del settore dei servizi","PARTITO DEMOCRATICO - ITALIA DEMOCRATICA E PROGRESSISTA (PD-IDP) (18.10.2022","PD-IDP"
"308902","ANTHONY EMANUELE","BARBAGALLO","PARTITO DEMOCRATICO - ITALIA DEMOCRATICA E PROGRESSISTA","proporzionale","SICILIA 2 - P03","Laurea in giurisprudenza; Avvocato amministrativista","PARTITO DEMOCRATICO - ITALIA DEMOCRATICA E PROGRESSISTA (PD-IDP) (18.10.2022","PD-IDP"
"308243","GIUSEPPE LUCIANO CALOGERO","PROVENZANO","PARTITO DEMOCRATICO - ITALIA DEMOCRATICA E PROGRESSISTA","proporzionale","SICILIA 1 - P01","Dottorato di ricerca; Dirigente di istituto di ricerca","PARTITO DEMOCRATICO - ITALIA DEMOCRATICA E PROGRESSISTA (PD-IDP) (18.10.2022","PD-IDP"
"308803","RACHELE","SCARPA","PARTITO DEMOCRATICO - ITALIA DEMOCRATICA E PROGRESSISTA","proporzionale","VENETO 1 - P01","Laurea in lettere antiche; Studentessa","PARTITO DEMOCRATICO - ITALIA DEMOCRATICA E PROGRESSISTA (PD-IDP) (18.10.2022","PD-IDP"
"308834","SARA","FERRARI","PARTITO DEMOCRATICO - ITALIA DEMOCRATICA E PROGRESSISTA","proporzionale","TRENTINO-ALTO ADIGE/SÜDTIROL - P01","Laurea in lettere moderne; Insegnante di scuola secondaria superiore","PARTITO DEMOCRATICO - ITALIA DEMOCRATICA E PROGRESSISTA (PD-IDP) (18.10.2022","PD-IDP"
"308892","MARCO","FURFARO","PARTITO DEMOCRATICO - ITALIA DEMOCRATICA E PROGRESSISTA","proporzionale","TOSCANA - P01","Laurea in economia aziendale; Responsabile relazioni istituzionali","PARTITO DEMOCRATICO - ITALIA DEMOCRATICA E PROGRESSISTA (PD-IDP) (18.10.2022","PD-IDP"
"308930","ELENA ETHEL","SCHLEIN","PARTITO DEMOCRATICO - ITALIA DEMOCRATICA E PROGRESSISTA","proporzionale","EMILIA-ROMAGNA - P02","Laurea in giurisprudenza; già Parlamentare europea, Amministratrice regionale, Vice Presidente Regione Emilia Romagna","PARTITO DEMOCRATICO - ITALIA DEMOCRATICA E PROGRESSISTA (PD-IDP) (18.10.2022","PD-IDP"
"308807","ANDREA","CAROPPO","FORZA ITALIA","proporzionale","PUGLIA - P04","Laurea in giurisprudenza; Avvocato","FORZA ITALIA - BERLUSCONI PRESIDENTE - PPE (FI-PPE) (18.10.2022","FI-PPE"
"309161","MARIA PAOLA","BOSCAINI","FORZA ITALIA","proporzionale","VENETO 2 - P03","Laurea in economia aziendale","FORZA ITALIA - BERLUSCONI PRESIDENTE - PPE (FI-PPE) (18.10.2022","FI-PPE"
"308876","TULLIO","FERRANTE","FORZA ITALIA","proporzionale","CAMPANIA 2 - P02","Laurea in giurisprudenza; Avvocato. Senior Associate.","FORZA ITALIA - BERLUSCONI PRESIDENTE - PPE (FI-PPE) (18.10.2022","FI-PPE"
"308924","NAIKE","GRUPPIONI","AZIONE - ITALIA VIVA - CALENDA","proporzionale","EMILIA-ROMAGNA - P02","Laurea in Economia aziendale e gestione delle imprese internazionali; Imprenditrice del settore metalmeccanico","ITALIA VIVA-IL CENTRO-RENEW EUROPE (IV-C-RE) (20.11.2023","IV-C-RE"
"308897","MANLIO","MESSINA","FRATELLI D'ITALIA CON GIORGIA MELONI","proporzionale","SICILIA 2 - P02","Laurea in economia e commercio; Imprenditore","MISTO (MISTO) (18.10.2022","MISTO"
"307902","DIETER","STEGER","SÜDTIROLER VOLKSPARTEI (SVP) - PATT","proporzionale","TRENTINO-ALTO ADIGE/SÜDTIROL - P01","Laurea in giurisprudenza; Dirigente d'azienda","MISTO (MISTO) (18.10.2022","MISTO"
"308790","GIUSEPPE","BICCHIELLI",,,"CAMPANIA 2 - P02","Laurea in scienze dell'economia,Consulente aziendale, Giornalista","NOI MODERATI (NOI CON L'ITALIA, CORAGGIO ITALIA, UDC E ITALIA AL CENTRO)-MAIE-CENTRO POPOLARE (NM(N-C-U-I)M-CP) (27.10.2022","NM(N-C-U-I)M-CP"
"308761","CALOGERO","PISANO",,,"SICILIA 1 - P02","Laurea in economia dell'ambiente e della cultura","NOI MODERATI (NOI CON L'ITALIA, CORAGGIO ITALIA, UDC E ITALIA AL CENTRO)-MAIE-CENTRO POPOLARE (NM(N-C-U-I)M-CP) (27.10.2022","NM(N-C-U-I)M-CP"
"307718","DOMENICO","FURGIUELE",,,"CALABRIA - P01","Laurea in scienze dell'educazione; Imprenditore edile","LEGA - SALVINI PREMIER (LEGA) (18.10.2022","LEGA"
"307376","MASSIMILIANO","PANIZZUT",,,"FRIULI-VENEZIA GIULIA - P01","Diploma di istituto tecnico industriale; Collaboratore","LEGA - SALVINI PREMIER (LEGA) (18.10.2022","LEGA"
"307210","CARMELA","DI LAURO",,,"CAMPANIA 1 - P02","Diploma di liceo scientifico","MOVIMENTO 5 STELLE (M5S) (18.10.2022","M5S"
"308845","PASQUALINO","PENZA",,,"CAMPANIA 1 - P02","Laurea in scienze politiche e delle relazioni internazionali; Agente scelto della Polizia di Stato; già assessore all'ambiente del comune di Caivano","MOVIMENTO 5 STELLE (M5S) (18.10.2022","M5S"
"308839","ALESSANDRO","PALOMBI",,,"LAZIO 1 - P02","Laurea in giurisprudenza; Avvocato patrocinante nelle giurisdizioni superiori","FRATELLI D'ITALIA (FDI) (18.10.2022","FDI"
"308796","MARCELLO","COPPO",,,"PIEMONTE 2 - P02","Laurea in giurisprudenza; Avvocato con esperienza nei seguenti campi: lavoro, previdenziale, tributario","FRATELLI D'ITALIA (FDI) (18.10.2022","FDI"
"308764","FRANCESCO MARIA SALVATORE","CIANCITTO",,,"SICILIA 2 - P02","Laurea in medicina e chirurgia; Odontoiatra","FRATELLI D'ITALIA (FDI) (18.10.2022","FDI"
"308768","GIANNI","LAMPIS",,,"SARDEGNA - P01","Laurea in scienze dei servizi giuridici; Impiegato amministrativo contabile","FRATELLI D'ITALIA (FDI) (18.10.2022","FDI"
"308762","STEFANO MARIA","BENVENUTI GOSTOLI",,,"MARCHE - P01","Laurea in giurisprudenza; Avvocato","FRATELLI D'ITALIA (FDI) (18.10.2022","FDI"
"308101","LUCREZIA MARIA BENEDETTA","MANTOVANI",,,"LOMBARDIA 1 - P02","Laurea in scienze linguistiche e letterature straniere; Imprenditrice","FRATELLI D'ITALIA (FDI) (18.10.2022","FDI"
"308792","ANDREA","PELLICINI",,,"LOMBARDIA 2 - P01","Laurea in giurisprudenza; Avvocato penalista","FRATELLI D'ITALIA (FDI) (18.10.2022","FDI"
"308937","ALICE","BUONGUERRIERI",,,"EMILIA-ROMAGNA - P03","Laurea in giurisprudenza; Avvocato patrocinante nelle giurisdizioni superiori","FRATELLI D'ITALIA (FDI) (18.10.2022","FDI"
"308936","VIRGINIO","MEROLA",,,"EMILIA-ROMAGNA - P02","Laurea in filosofia; pensionato","PARTITO DEMOCRATICO - ITALIA DEMOCRATICA E PROGRESSISTA (PD-IDP) (18.10.2022","PD-IDP"
"308881","EMILIANO","FOSSI",,,"TOSCANA - P03","Laurea in scienze politiche; già Sindaco comune di Campi Bisenzio","PARTITO DEMOCRATICO - ITALIA DEMOCRATICA E PROGRESSISTA (PD-IDP) (18.10.2022","PD-IDP"
"307215","UGO","CAPPELLACCI",,,"SARDEGNA - P01","Laurea in economia e commercio;  Docente universitario, Commercialista.","FORZA ITALIA - BERLUSCONI PRESIDENTE - PPE (FI-PPE) (18.10.2022","FI-PPE"
"307134","ROBERTO","BAGNASCO",,,"LIGURIA - P01","Laurea in farmacia, Master in bioetica; Farmacista","FORZA ITALIA - BERLUSCONI PRESIDENTE - PPE (FI-PPE) (18.10.2022","FI-PPE"
"308827","GIACOMO DIEGO","GATTA",,,"PUGLIA - P01","Laurea in giurisprudenza; Avvocato civilista","FORZA ITALIA - BERLUSCONI PRESIDENTE - PPE (FI-PPE) (18.10.2022","FI-PPE"
"307312","MAURO","D'ATTIS",,,"PUGLIA - P04","Laurea in economia bancaria, finanziaria e assicurativa; Consulente aziendale","FORZA ITALIA - BERLUSCONI PRESIDENTE - PPE (FI-PPE) (18.10.2022","FI-PPE"
"308790","GIUSEPPE","BICCHIELLI",,,"CAMPANIA 2 - P02","Laurea in scienze dell'economia,Consulente aziendale, Giornalista","FORZA ITALIA - BERLUSCONI PRESIDENTE - PPE (FI-PPE) (18.10.2022","FI-PPE"
"307752","FRANCESCO","BATTISTONI",,,"MARCHE - P01","Laurea in scienze politiche e delle relazioni internazionali; Parlamentare, Giornalista pubblicista","FORZA ITALIA - BERLUSCONI PRESIDENTE - PPE (FI-PPE) (18.10.2022","FI-PPE"
"308906","GIOVANNI","ARRUZZOLO",,,"CALABRIA - P01","Laurea in scienze politiche","FORZA ITALIA - BERLUSCONI PRESIDENTE - PPE (FI-PPE) (18.10.2022","FI-PPE"
"308829","RITA","DALLA CHIESA",,,"PUGLIA - P02","Diploma di liceo linguistico; Giornalista professionista","FORZA ITALIA - BERLUSCONI PRESIDENTE - PPE (FI-PPE) (18.10.2022","FI-PPE"
"308767","FRANCESCO","GALLO",,,"SICILIA 2 - P01","Laurea in giurisprudenza; Avvocato patrocinante in cassazione; Giornalista pubblicista","MISTO (MISTO) (18.10.2022","MISTO"
"308790","GIUSEPPE","BICCHIELLI",,,"CAMPANIA 2 - P02","Laurea in scienze dell'economia,Consulente aziendale, Giornalista","MISTO (MISTO) (18.10.2022","MISTO"
"308761","CALOGERO","PISANO",,,"SICILIA 1 - P02","Laurea in economia dell'ambiente e della cultura","MISTO (MISTO) (18.10.2022","MISTO"
"308810","MARCO","GRIMALDI","ALLEANZA VERDI E SINISTRA","proporzionale","PIEMONTE 1 - P01",,"ALLEANZA VERDI E SINISTRA (AVS) (27.10.2022","AVS"
"308810","MARCO","GRIMALDI","ALLEANZA VERDI E SINISTRA","proporzionale","PIEMONTE 1 - P01",,"MISTO (MISTO) (18.10.2022","MISTO"
"308837","FEDERICO","FRENI",,,"LAZIO 1 - P03",,"LEGA - SALVINI PREMIER (LEGA) (18.10.2022","LEGA"
"308869","FRANCESCO","MARI","ALLEANZA VERDI E SINISTRA","proporzionale","CAMPANIA 2 - P02","Diploma di istituto magistrale; Insegnante di scuola primaria","ALLEANZA VERDI E SINISTRA (AVS) (27.10.2022","AVS"
"308929","ABOUBAKAR","SOUMAHORO","ALLEANZA VERDI E SINISTRA","proporzionale","EMILIA-ROMAGNA - P02","Laurea in sociologia; ATTIVISTA SOCIALE E SINDACALE; SCRITTORE","ALLEANZA VERDI E SINISTRA (AVS) (27.10.2022","AVS"
"308861","FRANCESCA","GHIRRA","ALLEANZA VERDI E SINISTRA","proporzionale","SARDEGNA - P01","Funzionario Regione Sardegna","ALLEANZA VERDI E SINISTRA (AVS) (27.10.2022","AVS"
"308893","ELEONORA","EVI","ALLEANZA VERDI E SINISTRA","proporzionale","LOMBARDIA 1 - P01","Master in strategic design, LAUREA MAGISTRALE IN SERVICE DESIGN; Parlamentare","ALLEANZA VERDI E SINISTRA (AVS) (27.10.2022","AVS"
"308857","FRANCESCO EMILIO","BORRELLI","ALLEANZA VERDI E SINISTRA","proporzionale","CAMPANIA 1 - P02","Giornalista professionista","ALLEANZA VERDI E SINISTRA (AVS) (27.10.2022","AVS"
"308816","ELISABETTA","PICCOLOTTI","ALLEANZA VERDI E SINISTRA","proporzionale","PUGLIA - P04","Laurea in comunicazione nella società della globalizzazione; Consulente Senior per la comunicazione","ALLEANZA VERDI E SINISTRA (AVS) (27.10.2022","AVS"
"308782","FRANCO","TIRELLI","MOVIMENTO ASSOCIATIVO ITALIANI ALL'ESTERO - MAIE","proporzionale","AMERICA MERIDIONALE","Laurea in giurisprudenza; Avvocato civilista","NOI MODERATI (NOI CON L'ITALIA, CORAGGIO ITALIA, UDC E ITALIA AL CENTRO)-MAIE-CENTRO POPOLARE (NM(N-C-U-I)M-CP) (27.10.2022","NM(N-C-U-I)M-CP"
"307328","LUIGI","MARATTIN","AZIONE - ITALIA VIVA - CALENDA","proporzionale","PIEMONTE 2 - P02","Laurea in economia delle amministrazioni pubbliche e delle istituzioni internazionalili, Dottorato di ricerca, Master; Professore associato","AZIONE-POPOLARI EUROPEISTI RIFORMATORI-RENEW EUROPE (AZ-PER-RE) (18.10.2022","AZ-PER-RE"
"308802","VALENTINA","GRIPPO","AZIONE - ITALIA VIVA - CALENDA","proporzionale","VENETO 1 - P01","Laurea in giurisprudenza; Giornalista professionista","AZIONE-POPOLARI EUROPEISTI RIFORMATORI-RENEW EUROPE (AZ-PER-RE) (18.10.2022","AZ-PER-RE"
"308913","FABRIZIO","BENZONI","AZIONE - ITALIA VIVA - CALENDA","proporzionale","LOMBARDIA 3 - P02","Laurea in ingegneria gestionale; Consulente","AZIONE-POPOLARI EUROPEISTI RIFORMATORI-RENEW EUROPE (AZ-PER-RE) (18.10.2022","AZ-PER-RE"
"308808","SALVATORE MARCELLO","DI MATTINA","LEGA PER SALVINI PREMIER","proporzionale","PUGLIA - P04","Commercialista, Imprenditore turistico;","LEGA - SALVINI PREMIER (LEGA) (18.10.2022","LEGA"
"308942","GRAZIANO","PIZZIMENTI","LEGA PER SALVINI PREMIER","proporzionale","FRIULI-VENEZIA GIULIA - P01","Laurea in economia e commercio; Insegnante di scuola secondaria superiore","LEGA - SALVINI PREMIER (LEGA) (18.10.2022","LEGA"
"308911","SIMONA","LOIZZO","LEGA PER SALVINI PREMIER","proporzionale","CALABRIA - P01","Laurea in medicina e chirurgia; Primario UOC di odontoiatra, direttore dipartimento chirurgico azienda ospedaliera A.O. di Cosenza","LEGA - SALVINI PREMIER (LEGA) (18.10.2022","LEGA"
"308890","ANDREA","BARABOTTI","LEGA PER SALVINI PREMIER","proporzionale","TOSCANA - P01","Diploma di istituto tecnico commerciale; Responsabile di segreteria Consiglio Regionale Toscana","LEGA - SALVINI PREMIER (LEGA) (18.10.2022","LEGA"
"308900","ANASTASIO","CARRA'","LEGA PER SALVINI PREMIER","proporzionale","SICILIA 2 - P02","Laurea in scienze politiche; Sindaco","LEGA - SALVINI PREMIER (LEGA) (18.10.2022","LEGA"
"308873","GIANPIERO","ZINZI","LEGA PER SALVINI PREMIER","proporzionale","CAMPANIA 2 - P01","Laurea in Giurisprudenza, Dottorato di ricerca in governo del territorio e tutela dell'ambiente; Avvocato","LEGA - SALVINI PREMIER (LEGA) (18.10.2022","LEGA"
"308928","DAVIDE","BERGAMINI","LEGA PER SALVINI PREMIER","proporzionale","EMILIA-ROMAGNA - P03","Sindaco","LEGA - SALVINI PREMIER (LEGA) (18.10.2022","LEGA"
"307762","FRANCESCO","BRUZZONE","LEGA PER SALVINI PREMIER","proporzionale","LIGURIA - P01","Diploma di liceo scientifico; Dipendente pubblico","LEGA - SALVINI PREMIER (LEGA) (18.10.2022","LEGA"
"307726","RICCARDO","TUCCI","MOVIMENTO 5 STELLE","proporzionale","CALABRIA - P01","Diploma di istituto professionale per i servizi alberghieri e ristorazione; Rappresentante di commercio","MOVIMENTO 5 STELLE (M5S) (18.10.2022","M5S"
"307109","MARIO","PERANTONI","MOVIMENTO 5 STELLE","proporzionale","SARDEGNA - P01","Laurea in giurisprudenza; Avvocato","MOVIMENTO 5 STELLE (M5S) (18.10.2022","M5S"
"307193","RAFFAELE","BRUNO","MOVIMENTO 5 STELLE","proporzionale","CAMPANIA 1 - P01","Autore e regista teatrale, biologo","MOVIMENTO 5 STELLE (M5S) (18.10.2022","M5S"
"308853","MARIANNA","RICCIARDI","MOVIMENTO 5 STELLE","proporzionale","CAMPANIA 1 - P01","Medico;","MOVIMENTO 5 STELLE (M5S) (18.10.2022","M5S"
"307803","GIORGIO","FEDE","MOVIMENTO 5 STELLE","proporzionale","MARCHE - P01","Diploma di istituto tecnico per geometri;Istruttore tecnico direttivo - Comune","MOVIMENTO 5 STELLE (M5S) (18.10.2022","M5S"
"307202","GILDA","SPORTIELLO","MOVIMENTO 5 STELLE","proporzionale","CAMPANIA 1 - P01","Laurea in scienze dell'educazione; Educatrice","MOVIMENTO 5 STELLE (M5S) (18.10.2022","M5S"
"308933","FEDERICO","CAFIERO DE RAHO","MOVIMENTO 5 STELLE","proporzionale","EMILIA-ROMAGNA - P03","Laurea in giurisprudenza; Già Procuratore nazionale antimafia e antiterrorismo","MOVIMENTO 5 STELLE (M5S) (18.10.2022","M5S"
"308820","IDA","CARMINA","MOVIMENTO 5 STELLE","proporzionale","SICILIA 1 - P02","Laurea in giurisprudenza; Avvocato","MOVIMENTO 5 STELLE (M5S) (18.10.2022","M5S"
"307388","VALENTINA","D'ORSO","MOVIMENTO 5 STELLE","proporzionale","SICILIA 1 - P01","Laurea in giurisprudenza; Diploma di specializzazione per le professioni legali, Avvocato","MOVIMENTO 5 STELLE (M5S) (18.10.2022","M5S"
"308001","VALENTINA","BARZOTTI","MOVIMENTO 5 STELLE","proporzionale","LOMBARDIA 4 - P01","Laurea in giurisprudenza, Laurea in Management of human resoruces and labour studies; Avvocato","MOVIMENTO 5 STELLE (M5S) (18.10.2022","M5S"
"307447","FRANCESCO","SILVESTRI","MOVIMENTO 5 STELLE","proporzionale","LAZIO 1 - P03","Diploma di istituto tecnico commerciale","MOVIMENTO 5 STELLE (M5S) (18.10.2022","M5S"
"308854","ALESSANDRO","CARAMIELLO","MOVIMENTO 5 STELLE","proporzionale","CAMPANIA 1 - P02","Laurea in ingegneria civile e ambientale; Dipendente di azienda privata","MOVIMENTO 5 STELLE (M5S) (18.10.2022","M5S"
"307132","ROBERTO","TRAVERSI","MOVIMENTO 5 STELLE","proporzionale","LIGURIA - P01","Laurea in architettura; Architetto, Giornalista pubblicista, Architetto edile","MOVIMENTO 5 STELLE (M5S) (18.10.2022","M5S"
"308896","ANDREA","QUARTINI","MOVIMENTO 5 STELLE","proporzionale","TOSCANA - P03","Laurea in medicina e chirurgia; Dirigente sanitario, gastroenterologo","MOVIMENTO 5 STELLE (M5S) (18.10.2022","M5S"
"307234","DANIELA","TORTO","MOVIMENTO 5 STELLE","proporzionale","ABRUZZO - P01","Laurea in conservatorio (pianoforte); Insegnante di musica","MOVIMENTO 5 STELLE (M5S) (18.10.2022","M5S"
"307250","RICCARDO","RICCIARDI","MOVIMENTO 5 STELLE","proporzionale","TOSCANA - P02","Laurea in lettere; Regista teatrale","MOVIMENTO 5 STELLE (M5S) (18.10.2022","M5S"
"308809","ANTONINO","IARIA","MOVIMENTO 5 STELLE","proporzionale","PIEMONTE 1 - P01","Laurea in architettura; Architetto e consulente sistemi informativi territoriali","MOVIMENTO 5 STELLE (M5S) (18.10.2022","M5S"
"307356","GIORGIO","LOVECCHIO","MOVIMENTO 5 STELLE","proporzionale","PUGLIA - P01","Diploma di ragioniere programmatore; Imprenditore","MOVIMENTO 5 STELLE (M5S) (18.10.2022","M5S"
"308872","ENRICA","ALIFANO","MOVIMENTO 5 STELLE","proporzionale","CAMPANIA 2 - P01","Dottorato di ricerca; Avvocato penalista","MOVIMENTO 5 STELLE (M5S) (18.10.2022","M5S"
"307829","ARNALDO","LOMUTI","MOVIMENTO 5 STELLE","proporzionale","BASILICATA - P01","Laurea in giurisprudenza; Avvocato","MOVIMENTO 5 STELLE (M5S) (18.10.2022","M5S"
"307370","CARLA","GIULIANO","MOVIMENTO 5 STELLE","proporzionale","PUGLIA - P01","Laurea in giurisprudenza;  Avvocato","MOVIMENTO 5 STELLE (M5S) (18.10.2022","M5S"
"308841","ALFONSO","COLUCCI","MOVIMENTO 5 STELLE","proporzionale","LAZIO 1 - P02","Notaio","MOVIMENTO 5 STELLE (M5S) (18.10.2022","M5S"
"307348","LEONARDO","DONNO","MOVIMENTO 5 STELLE","proporzionale","PUGLIA - P04","Diploma di istituto tecnico commerciale; Imprenditore del settore impiantistico","MOVIMENTO 5 STELLE (M5S) (18.10.2022","M5S"
"307406","ANGELA","RAFFA","MOVIMENTO 5 STELLE","proporzionale","SICILIA 2 - P01","Laurea in economia aziendale","MOVIMENTO 5 STELLE (M5S) (18.10.2022","M5S"
"307424","FEDERICO","MOLLICONE","FRATELLI D'ITALIA CON GIORGIA MELONI","proporzionale","LAZIO 1 - P01","Diploma di liceo scientifico; Consulente Comunicazione e Organizzazione culturale","FRATELLI D'ITALIA (FDI) (18.10.2022","FDI"
"307219","SALVATORE","DEIDDA","FRATELLI D'ITALIA CON GIORGIA MELONI","proporzionale","SARDEGNA - P01","Diploma di istituto tecnico agrario; Funzionario consorzio di bonifica Sardegna meridionale, Imprenditore agricolo non a titolo principale","FRATELLI D'ITALIA (FDI) (18.10.2022","FDI"
"308814","LUIGI GIOVANNI","MAIORANO","FRATELLI D'ITALIA CON GIORGIA MELONI","proporzionale","PUGLIA - P03","Laurea in scienze giuridiche; Sovrintendente di pubblica sicurezza","FRATELLI D'ITALIA (FDI) (18.10.2022","FDI"
"308926","BEATRIZ","COLOMBO","FRATELLI D'ITALIA CON GIORGIA MELONI","proporzionale","EMILIA-ROMAGNA - P02","Laurea in psicologia; Agente in attività finanziaria","FRATELLI D'ITALIA (FDI) (18.10.2022","FDI"
"308903","ANDREA","MASCARETTI","FRATELLI D'ITALIA CON GIORGIA MELONI","proporzionale","LOMBARDIA 2 - P01","LAUREA IN INGEGNERIA AEROSPAZIALE, LAUREA IN RELAZIONI INTERNAZIONALI; Imprenditore del marketing e della pubblicita'","FRATELLI D'ITALIA (FDI) (18.10.2022","FDI"
"308863","MADDALENA","MORGANTE","FRATELLI D'ITALIA CON GIORGIA MELONI","proporzionale","VENETO 2 - P03","Laurea in giurisprudenza; Avvocato civilista","FRATELLI D'ITALIA (FDI) (18.10.2022","FDI"
"308850","MICHELE","SCHIANO DI VISCONTI","FRATELLI D'ITALIA CON GIORGIA MELONI","proporzionale","CAMPANIA 1 - P01","Laurea in medicina e chirurgia; Medico","FRATELLI D'ITALIA (FDI) (18.10.2022","FDI"
"308800","MARINA","MARCHETTO","FRATELLI D'ITALIA CON GIORGIA MELONI","proporzionale","VENETO 1 - P01","Diploma di scuola magistrale; Imprenditore","FRATELLI D'ITALIA (FDI) (18.10.2022","FDI"
"308886","LORENZO","MALAGOLA","FRATELLI D'ITALIA CON GIORGIA MELONI","proporzionale","LOMBARDIA 1 - P01","Laurea magistrale in Economia; Dirigente di azienda privata","FRATELLI D'ITALIA (FDI) (18.10.2022","FDI"
"308811","GIANDONATO","LA SALANDRA","FRATELLI D'ITALIA CON GIORGIA MELONI","proporzionale","PUGLIA - P01","Laurea in giurisprudenza; Avvocato civilista","FRATELLI D'ITALIA (FDI) (18.10.2022","FDI"
"308847","ANDREA","VOLPI","FRATELLI D'ITALIA CON GIORGIA MELONI","proporzionale","LAZIO 1 - P02","Laurea in scienze dell'economia e della gestione aziendale; Consulente aziendale","FRATELLI D'ITALIA (FDI) (18.10.2022","FDI"
"308884","ALESSANDRO","AMORESE","FRATELLI D'ITALIA CON GIORGIA MELONI","proporzionale","TOSCANA - P01","Laurea in scienze politiche; Editore","FRATELLI D'ITALIA (FDI) (18.10.2022","FDI"
"308813","IMMACOLATA","ZURZOLO","FRATELLI D'ITALIA CON GIORGIA MELONI","proporzionale","PIEMONTE 1 - P02","DIPLOMA DI RAGIONERIA; IMPIEGATA AMMINISTRATIVA","FRATELLI D'ITALIA (FDI) (18.10.2022","FDI"
"308909","ALFREDO","ANTONIOZZI","FRATELLI D'ITALIA CON GIORGIA MELONI","proporzionale","CALABRIA - P01","Laurea in giurisprudenza; Libero professionista","FRATELLI D'ITALIA (FDI) (18.10.2022","FDI"
"308823","ANTONIO","GIORDANO","FRATELLI D'ITALIA CON GIORGIA MELONI","proporzionale","SICILIA 1 - P02","Laurea in giurisprudenza; Laurea in discipline musicali; Manager, Imprenditore","FRATELLI D'ITALIA (FDI) (18.10.2022","FDI"
"308848","ANGELO","ROSSI","FRATELLI D'ITALIA CON GIORGIA MELONI","proporzionale","LAZIO 1 - P03","Laurea in scienze dell'amministrazione; Funzionario pubblico","FRATELLI D'ITALIA (FDI) (18.10.2022","FDI"
"308885","STEFANO GIOVANNI","MAULLU","FRATELLI D'ITALIA CON GIORGIA MELONI","proporzionale","LOMBARDIA 1 - P01","Laurea in scienze politiche; Dirigente di azienda privata","FRATELLI D'ITALIA (FDI) (18.10.2022","FDI"
"308812","MARCO","PERISSA","FRATELLI D'ITALIA CON GIORGIA MELONI","proporzionale","PIEMONTE 1 - P01","Laurea in scienze dell'economia;","FRATELLI D'ITALIA (FDI) (18.10.2022","FDI"
"308870","MARIA GRAZIA","FRIJIA","FRATELLI D'ITALIA CON GIORGIA MELONI","proporzionale","LIGURIA - P01","DIPLOMA DI CONSERVATORIO PIANOFORTE; IMPIEGATA","FRATELLI D'ITALIA (FDI) (18.10.2022","FDI"
"308907","ANDREA","TREMAGLIA","FRATELLI D'ITALIA CON GIORGIA MELONI","proporzionale","LOMBARDIA 3 - P01","Laurea in giurisprudenza; Amministratore locale.","FRATELLI D'ITALIA (FDI) (18.10.2022","FDI"
"307298","GALEAZZO","BIGNAMI","FRATELLI D'ITALIA CON GIORGIA MELONI","proporzionale","EMILIA-ROMAGNA - P02","Laurea in giurisprudenza; Avvocato","FRATELLI D'ITALIA (FDI) (18.10.2022","FDI"
"308826","FABRIZIO","COMBA","FRATELLI D'ITALIA CON GIORGIA MELONI","proporzionale","PIEMONTE 2 - P02","Laurea in giurisprudenza; Imprenditore","FRATELLI D'ITALIA (FDI) (18.10.2022","FDI"
"308805","ANTONIO","BALDELLI","FRATELLI D'ITALIA CON GIORGIA MELONI","proporzionale","MARCHE - P01","Laurea in giurisprudenza; Avvocato","FRATELLI D'ITALIA (FDI) (18.10.2022","FDI"
"308819","GIANLUCA","CARAMANNA","FRATELLI D'ITALIA CON GIORGIA MELONI","proporzionale","SICILIA 1 - P01","Laurea in economia del turismo; Imprenditore del settore turistico","FRATELLI D'ITALIA (FDI) (18.10.2022","FDI"
"308864","MARCO","PADOVANI","FRATELLI D'ITALIA CON GIORGIA MELONI","proporzionale","VENETO 2 - P03","Diploma di maturità d'arte applicata; Impiegato","FRATELLI D'ITALIA (FDI) (18.10.2022","FDI"
"308859","FRANCESCO","MURA","FRATELLI D'ITALIA CON GIORGIA MELONI","proporzionale","SARDEGNA - P01","Diploma di istituto tecnico per geometri; Libero professionista","FRATELLI D'ITALIA (FDI) (18.10.2022","FDI"
"308874","MARCO","CERRETO","FRATELLI D'ITALIA CON GIORGIA MELONI","proporzionale","CAMPANIA 2 - P01","Dottorato di ricerca in diritto comparato; Funzionario del Ministero delle politiche agricole, alimentari e forestali","FRATELLI D'ITALIA (FDI) (18.10.2022","FDI"
"308883","CHIARA","LA PORTA","FRATELLI D'ITALIA CON GIORGIA MELONI","proporzionale","TOSCANA - P01","Diploma di liceo scientifico; Coltivatore diretto","FRATELLI D'ITALIA (FDI) (18.10.2022","FDI"
"308914","CARLO","MACCARI","FRATELLI D'ITALIA CON GIORGIA MELONI","proporzionale","LOMBARDIA 4 - P01","Laurea in farmacia; Farmacista titolare","FRATELLI D'ITALIA (FDI) (18.10.2022","FDI"
"308920","ELISABETTA CHRISTIANA","LANCELLOTTA","FRATELLI D'ITALIA CON GIORGIA MELONI","proporzionale","MOLISE - P01","Laurea magistrale in scienze delle professioni sanitarie tecnico ed assistenziali; Libero professionista","FRATELLI D'ITALIA (FDI) (18.10.2022","FDI"
"307334","GIANLUCA","VINCI","FRATELLI D'ITALIA CON GIORGIA MELONI","proporzionale","EMILIA-ROMAGNA - P02","Laurea in giurisprudenza; Avvocato penalista","FRATELLI D'ITALIA (FDI) (18.10.2022","FDI"
"308822","EMANUELE","POZZOLO","FRATELLI D'ITALIA CON GIORGIA MELONI","proporzionale","PIEMONTE 2 - P01","Laurea in giurisprudenza; Consulente legale","FRATELLI D'ITALIA (FDI) (18.10.2022","FDI"
"308888","GRAZIA","DI MAGGIO","FRATELLI D'ITALIA CON GIORGIA MELONI","proporzionale","LOMBARDIA 1 - P02","LAUREA IN LINGUAGGI DEI MEDIA; LAUREA IN POLITICHE EUROPEE E INTERNAZIONALI; Giornalista pubblicista","FRATELLI D'ITALIA (FDI) (18.10.2022","FDI"
"308898","ELIANA","LONGI","FRATELLI D'ITALIA CON GIORGIA MELONI","proporzionale","SICILIA 2 - P03","Laurea in economia e commercio ambientale; Dipendente","FRATELLI D'ITALIA (FDI) (18.10.2022","FDI"
"308851","MARTA","SCHIFONE","FRATELLI D'ITALIA CON GIORGIA MELONI","proporzionale","CAMPANIA 1 - P02"," Laurea in farmacia, Scuola di specializzazione scienze e tecniche cosmetiche; Farmacista titolare","FRATELLI D'ITALIA (FDI) (18.10.2022","FDI"
"308915","PAOLA MARIA","CHIESA","FRATELLI D'ITALIA CON GIORGIA MELONI","proporzionale","LOMBARDIA 4 - P01","Laurea in lettere moderne; Insegnante di scuola secondaria superiore","FRATELLI D'ITALIA (FDI) (18.10.2022","FDI"
"307340","YLENJA","LUCASELLI","FRATELLI D'ITALIA CON GIORGIA MELONI","proporzionale","EMILIA-ROMAGNA - P01","Laurea in giurisprudenza; Avvocato penalista","FRATELLI D'ITALIA (FDI) (18.10.2022","FDI"
"308825","VINCENZO","AMICH","FRATELLI D'ITALIA CON GIORGIA MELONI","proporzionale","PIEMONTE 2 - P02","Diploma di istituto tecnico per periti aziendali; Portavoce, Capo di gabinetto della città di Casale Monferrato, Sindaco di Coniolo, Presidente società 5T, ex militare presso la Folgore","FRATELLI D'ITALIA (FDI) (18.10.2022","FDI"
"308908","LUCA","SBARDELLA","FRATELLI D'ITALIA CON GIORGIA MELONI","proporzionale","LOMBARDIA 3 - P02","Laurea in scienze politiche; Dipendente pubblico; Piccolo imprenditore agricolo","FRATELLI D'ITALIA (FDI) (18.10.2022","FDI"
"308868","MATTEO","ROSSO","FRATELLI D'ITALIA CON GIORGIA MELONI","proporzionale","LIGURIA - P01","Laurea in medicina e chirurgia; Odontoiatra","FRATELLI D'ITALIA (FDI) (18.10.2022","FDI"
"308862","ALESSANDRO","URZI'","FRATELLI D'ITALIA CON GIORGIA MELONI","proporzionale","VENETO 2 - P02","Giornalista","FRATELLI D'ITALIA (FDI) (18.10.2022","FDI"
"308904","SARA","KELANY","FRATELLI D'ITALIA CON GIORGIA MELONI","proporzionale","LOMBARDIA 2 - P02","Laurea in giurisprudenza; Avvocato","FRATELLI D'ITALIA (FDI) (18.10.2022","FDI"
"308799","FRANCESCO","FILINI","FRATELLI D'ITALIA CON GIORGIA MELONI","proporzionale","VENETO 1 - P01","Laurea in scienze politiche e delle relazioni internazionali; Dipendente di partito o gruppo politico","FRATELLI D'ITALIA (FDI) (18.10.2022","FDI"
"308867","FABIO","ROSCANI","FRATELLI D'ITALIA CON GIORGIA MELONI","proporzionale","ABRUZZO - P01","Diploma di liceo scientifico;","FRATELLI D'ITALIA (FDI) (18.10.2022","FDI"
"308922","MASSIMO","MILANI","FRATELLI D'ITALIA CON GIORGIA MELONI","proporzionale","LAZIO 2 - P01","Diploma di liceo scientifico; Imprenditore edile","FRATELLI D'ITALIA (FDI) (18.10.2022","FDI"
"308910","CRISTINA","ALMICI","FRATELLI D'ITALIA CON GIORGIA MELONI","proporzionale","LOMBARDIA 3 - P02","Laurea in economia e commercio; Dottore commercilista e revisore dei conti","FRATELLI D'ITALIA (FDI) (18.10.2022","FDI"
"308941","NICOLE","MATTEONI","FRATELLI D'ITALIA CON GIORGIA MELONI","proporzionale","FRIULI-VENEZIA GIULIA - P01","Laurea in scienze politiche e delle relazioni internazionali; Dipendente pubblico","FRATELLI D'ITALIA (FDI) (18.10.2022","FDI"
"307426","MARIA TERESA","BELLUCCI","FRATELLI D'ITALIA CON GIORGIA MELONI","proporzionale","LAZIO 1 - P02","Laurea in psicologia, Specializzazione in psicoterapia sistemico-relazionale e familiare; Master interuniversitario di II livello in organizzazione e funzionamento della pubblica amministrazione; Psicologa psicoterapeuta","FRATELLI D'ITALIA (FDI) (18.10.2022","FDI"
"308860","GIANMARCO","MAZZI","FRATELLI D'ITALIA CON GIORGIA MELONI","proporzionale","VENETO 2 - P01","Laurea in giurisprudenza; Manager del settore artistico","FRATELLI D'ITALIA (FDI) (18.10.2022","FDI"
"307332","MARCELLO","GEMMATO","FRATELLI D'ITALIA CON GIORGIA MELONI","proporzionale","PUGLIA - P02","Laurea in Farmacia, Specializzazione in Farmacia ospedaliera; Farmacista","FRATELLI D'ITALIA (FDI) (18.10.2022","FDI"
"308939","ALDO","MATTIA","FRATELLI D'ITALIA CON GIORGIA MELONI","proporzionale","BASILICATA - P01","diploma di ragioneria; direttore regionale Coldiretti","FRATELLI D'ITALIA (FDI) (18.10.2022","FDI"
"308821","GIOVANNA","IACONO","PARTITO DEMOCRATICO - ITALIA DEMOCRATICA E PROGRESSISTA","proporzionale","SICILIA 1 - P02","Laurea in archivistica e biblioteconomia; Libero professionista","PARTITO DEMOCRATICO - ITALIA DEMOCRATICA E PROGRESSISTA (PD-IDP) (18.10.2022","PD-IDP"
"307374","DEBORA","SERRACCHIANI","PARTITO DEMOCRATICO - ITALIA DEMOCRATICA E PROGRESSISTA","proporzionale","FRIULI-VENEZIA GIULIA - P01","Laurea in giurisprudenza; Avvocato lavorista","PARTITO DEMOCRATICO - ITALIA DEMOCRATICA E PROGRESSISTA (PD-IDP) (18.10.2022","PD-IDP"
"308817","CLAUDIO MICHELE","STEFANAZZI","PARTITO DEMOCRATICO - ITALIA DEMOCRATICA E PROGRESSISTA","proporzionale","PUGLIA - P04","Laurea in giurisprudenza; Avvocato giurista d'impresa","PARTITO DEMOCRATICO - ITALIA DEMOCRATICA E PROGRESSISTA (PD-IDP) (18.10.2022","PD-IDP"
"308780","TONI","RICCIARDI","PARTITO DEMOCRATICO - ITALIA DEMOCRATICA E PROGRESSISTA","proporzionale","EUROPA","Laurea in scienze politiche, Dottorato di ricerca; Professore associato di storia delle migrazioni e delle catastrofi","PARTITO DEMOCRATICO - ITALIA DEMOCRATICA E PROGRESSISTA (PD-IDP) (18.10.2022","PD-IDP"
"307306","ANDREA","ROSSI","PARTITO DEMOCRATICO - ITALIA DEMOCRATICA E PROGRESSISTA","proporzionale","EMILIA-ROMAGNA - P01","Diploma di istituto tecnico industriale; già Sindaco di Casalgrande; già Sottosegretario alla presidenza giunta regionale dell'Emilia Romagna","PARTITO DEMOCRATICO - ITALIA DEMOCRATICA E PROGRESSISTA (PD-IDP) (18.10.2022","PD-IDP"
"308856","MARCO","SARRACINO","PARTITO DEMOCRATICO - ITALIA DEMOCRATICA E PROGRESSISTA","proporzionale","CAMPANIA 1 - P02","Laurea in economia aziendale","PARTITO DEMOCRATICO - ITALIA DEMOCRATICA E PROGRESSISTA (PD-IDP) (18.10.2022","PD-IDP"
"308891","SILVIA","ROGGIANI","PARTITO DEMOCRATICO - ITALIA DEMOCRATICA E PROGRESSISTA","proporzionale","LOMBARDIA 1 - P02","Laurea magistrale in scienze politiche e di governo, MBA Essential conseguito alla LSE; Segretaria regionale Pd Lombardia","PARTITO DEMOCRATICO - ITALIA DEMOCRATICA E PROGRESSISTA (PD-IDP) (18.10.2022","PD-IDP"
"308894","MARCO","SIMIANI","PARTITO DEMOCRATICO - ITALIA DEMOCRATICA E PROGRESSISTA","proporzionale","TOSCANA - P02","Diploma; imprenditore nel settore dell'illuminotecnica","PARTITO DEMOCRATICO - ITALIA DEMOCRATICA E PROGRESSISTA (PD-IDP) (18.10.2022","PD-IDP"
"308932","ANDREA","GNASSI","PARTITO DEMOCRATICO - ITALIA DEMOCRATICA E PROGRESSISTA","proporzionale","EMILIA-ROMAGNA - P03","Laurea in scienze politiche indirizzo economico; Sindaco, Libero professionista","PARTITO DEMOCRATICO - ITALIA DEMOCRATICA E PROGRESSISTA (PD-IDP) (18.10.2022","PD-IDP"
"308901","MARIA STEFANIA","MARINO","PARTITO DEMOCRATICO - ITALIA DEMOCRATICA E PROGRESSISTA","proporzionale","SICILIA 2 - P01","LAUREA IN SCIENZE STRATEGICHE E GIURIDICHE; Dipendente pubblico","PARTITO DEMOCRATICO - ITALIA DEMOCRATICA E PROGRESSISTA (PD-IDP) (18.10.2022","PD-IDP"
"308783","CHRISTIAN DIEGO","DI SANZO","PARTITO DEMOCRATICO - ITALIA DEMOCRATICA E PROGRESSISTA","proporzionale","AMERICA SETTENTRIONALE E CENTRALE","Laurea in ingegneria energetica e nucleare, Master (M.S.) in ingegneria meccanica, Dottorato di ricerca (Ph.D.) in ingegneria nucleare ; Consulente manageriale","PARTITO DEMOCRATICO - ITALIA DEMOCRATICA E PROGRESSISTA (PD-IDP) (18.10.2022","PD-IDP"
"308916","ANTONELLA","FORATTINI","PARTITO DEMOCRATICO - ITALIA DEMOCRATICA E PROGRESSISTA","proporzionale","LOMBARDIA 4 - P01","Laurea in biologia; Consigliere regionale","PARTITO DEMOCRATICO - ITALIA DEMOCRATICA E PROGRESSISTA (PD-IDP) (18.10.2022","PD-IDP"
"308871","VALENTINA","GHIO","PARTITO DEMOCRATICO - ITALIA DEMOCRATICA E PROGRESSISTA","proporzionale","LIGURIA - P01","Laurea in lettere moderne; Funzionario settore formazione e politiche del lavoro regione Liguria","PARTITO DEMOCRATICO - ITALIA DEMOCRATICA E PROGRESSISTA (PD-IDP) (18.10.2022","PD-IDP"
"308912","GIAN ANTONIO","GIRELLI","PARTITO DEMOCRATICO - ITALIA DEMOCRATICA E PROGRESSISTA","proporzionale","LOMBARDIA 3 - P02","Agente di assicurazione","PARTITO DEMOCRATICO - ITALIA DEMOCRATICA E PROGRESSISTA (PD-IDP) (18.10.2022","PD-IDP"
"308893","ELEONORA","EVI","ALLEANZA VERDI E SINISTRA","proporzionale","LOMBARDIA 1 - P01","Master in strategic design, LAUREA MAGISTRALE IN SERVICE DESIGN; Parlamentare","PARTITO DEMOCRATICO - ITALIA DEMOCRATICA E PROGRESSISTA (PD-IDP) (18.10.2022","PD-IDP"
"308804","AUGUSTO","CURTI","PARTITO DEMOCRATICO - ITALIA DEMOCRATICA E PROGRESSISTA","proporzionale","MARCHE - P01","Laurea in economia e amministrazione delle imprese; Lavoratore autonomo","PARTITO DEMOCRATICO - ITALIA DEMOCRATICA E PROGRESSISTA (PD-IDP) (18.10.2022","PD-IDP"
"307782","LUCIANO","D'ALFONSO","PARTITO DEMOCRATICO - ITALIA DEMOCRATICA E PROGRESSISTA","proporzionale","ABRUZZO - P01","Laurea in scienze politiche, Laurea in filosofia, Laurea in giurisprudenza, Laurea in scienze dell'amministrazione, Dottorato di ricerca in decisione pubblica; Quadro intermedio","PARTITO DEMOCRATICO - ITALIA DEMOCRATICA E PROGRESSISTA (PD-IDP) (18.10.2022","PD-IDP"
"307308","MARCO","LACARRA","PARTITO DEMOCRATICO - ITALIA DEMOCRATICA E PROGRESSISTA","proporzionale","PUGLIA - P02","Laurea in giurisprudenza; Avvocato civilista","PARTITO DEMOCRATICO - ITALIA DEMOCRATICA E PROGRESSISTA (PD-IDP) (18.10.2022","PD-IDP"
"308931","OUIDAD","BAKKALI","PARTITO DEMOCRATICO - ITALIA DEMOCRATICA E PROGRESSISTA","proporzionale","EMILIA-ROMAGNA - P03","Laurea in scienze internazionali e diplomatiche; già Presidente di consiglio comunale","PARTITO DEMOCRATICO - ITALIA DEMOCRATICA E PROGRESSISTA (PD-IDP) (18.10.2022","PD-IDP"
"308815","MAURO","BERRUTO","PARTITO DEMOCRATICO - ITALIA DEMOCRATICA E PROGRESSISTA","proporzionale","PIEMONTE 1 - P02","Laurea in filosofia; Consulente della formazione, Giornalista, già CT della nazionale italiana maschile di pallavolo","PARTITO DEMOCRATICO - ITALIA DEMOCRATICA E PROGRESSISTA (PD-IDP) (18.10.2022","PD-IDP"
"307837","GIUSEPPE TOMMASO VINCENZO","MANGIALAVORI","FORZA ITALIA","proporzionale","CALABRIA - P01","Laurea in medicina e chirurgia; Radiologo","FORZA ITALIA - BERLUSCONI PRESIDENTE - PPE (FI-PPE) (18.10.2022","FI-PPE"
"308925","ROSARIA","TASSINARI","FORZA ITALIA","proporzionale","EMILIA-ROMAGNA - P03","Laurea in giurisprudenza; Avvocato civilista, già Sindaco del Comune di Rocca San Casciano (FC) dal 2009 al 2019, Assessore alle Politiche sociali, famiglia, pace e diritti umani nel Comune di Forlì dal 2019","FORZA ITALIA - BERLUSCONI PRESIDENTE - PPE (FI-PPE) (18.10.2022","FI-PPE"
"307130","GIORGIO","MULE'","FORZA ITALIA","proporzionale","SICILIA 1 - P01","Laurea in scienze della comunicazione; Giornalista professionista","FORZA ITALIA - BERLUSCONI PRESIDENTE - PPE (FI-PPE) (18.10.2022","FI-PPE"
"308882","FABRIZIO","SALA","FORZA ITALIA","proporzionale","LOMBARDIA 1 - P02","Diploma di istituto tecnico commerciale; Consulente finanziario","FORZA ITALIA - BERLUSCONI PRESIDENTE - PPE (FI-PPE) (18.10.2022","FI-PPE"
"308852","ANNARITA","PATRIARCA","FORZA ITALIA","proporzionale","CAMPANIA 1 - P02","Laurea in giurisprudenza; Avvocato","FORZA ITALIA - BERLUSCONI PRESIDENTE - PPE (FI-PPE) (18.10.2022","FI-PPE"
"308899","PAOLO EMILIO","RUSSO","FORZA ITALIA","proporzionale","SICILIA 2 - P02","Laurea in scienze politiche e delle relazioni internazionali, Master in Scienze elettorali e del governo; Giornalista parlamentare","FORZA ITALIA - BERLUSCONI PRESIDENTE - PPE (FI-PPE) (18.10.2022","FI-PPE"
"307857","NAZARIO","PAGANO","FORZA ITALIA","proporzionale","ABRUZZO - P01","Laurea in giurisprudenza; Avvocato, Docente universitario a contratto","FORZA ITALIA - BERLUSCONI PRESIDENTE - PPE (FI-PPE) (18.10.2022","FI-PPE"
"307356","GIORGIO","LOVECCHIO","MOVIMENTO 5 STELLE","proporzionale","PUGLIA - P01","Diploma di ragioniere programmatore; Imprenditore","FORZA ITALIA - BERLUSCONI PRESIDENTE - PPE (FI-PPE) (18.10.2022","FI-PPE"
"308806","VITO","DE PALMA","FORZA ITALIA","proporzionale","PUGLIA - P03","Laurea in scienze della pubblica amministrazione; funzionario pubblica amministrazione","FORZA ITALIA - BERLUSCONI PRESIDENTE - PPE (FI-PPE) (18.10.2022","FI-PPE"
"307223","PIETRO","PITTALIS","FORZA ITALIA","proporzionale","SARDEGNA - P01","Laurea in giurisprudenza; Avvocato patrocinante presso le Magistrature superiori","FORZA ITALIA - BERLUSCONI PRESIDENTE - PPE (FI-PPE) (18.10.2022","FI-PPE"
"307402","MATILDE","SIRACUSANO","FORZA ITALIA","proporzionale","PIEMONTE 2 - P02","Laurea in scienze politiche, Master affari politici italiani; Imprenditore","FORZA ITALIA - BERLUSCONI PRESIDENTE - PPE (FI-PPE) (18.10.2022","FI-PPE"
"307328","LUIGI","MARATTIN","AZIONE - ITALIA VIVA - CALENDA","proporzionale","PIEMONTE 2 - P02","Laurea in economia delle amministrazioni pubbliche e delle istituzioni internazionalili, Dottorato di ricerca, Master; Professore associato","ITALIA VIVA-IL CENTRO-RENEW EUROPE (IV-C-RE) (20.11.2023","IV-C-RE"
"308869","FRANCESCO","MARI","ALLEANZA VERDI E SINISTRA","proporzionale","CAMPANIA 2 - P02","Diploma di istituto magistrale; Insegnante di scuola primaria","MISTO (MISTO) (18.10.2022","MISTO"
"307328","LUIGI","MARATTIN","AZIONE - ITALIA VIVA - CALENDA","proporzionale","PIEMONTE 2 - P02","Laurea in economia delle amministrazioni pubbliche e delle istituzioni internazionalili, Dottorato di ricerca, Master; Professore associato","MISTO (MISTO) (18.10.2022","MISTO"
"308929","ABOUBAKAR","SOUMAHORO","ALLEANZA VERDI E SINISTRA","proporzionale","EMILIA-ROMAGNA - P02","Laurea in sociologia; ATTIVISTA SOCIALE E SINDACALE; SCRITTORE","MISTO (MISTO) (18.10.2022","MISTO"
"308782","FRANCO","TIRELLI","MOVIMENTO ASSOCIATIVO ITALIANI ALL'ESTERO - MAIE","proporzionale","AMERICA MERIDIONALE","Laurea in giurisprudenza; Avvocato civilista","MISTO (MISTO) (18.10.2022","MISTO"
"308822","EMANUELE","POZZOLO","FRATELLI D'ITALIA CON GIORGIA MELONI","proporzionale","PIEMONTE 2 - P01","Laurea in giurisprudenza; Consulente legale","MISTO (MISTO) (18.10.2022","MISTO"
"308861","FRANCESCA","GHIRRA","ALLEANZA VERDI E SINISTRA","proporzionale","SARDEGNA - P01","Funzionario Regione Sardegna","MISTO (MISTO) (18.10.2022","MISTO"
"308893","ELEONORA","EVI","ALLEANZA VERDI E SINISTRA","proporzionale","LOMBARDIA 1 - P01","Master in strategic design, LAUREA MAGISTRALE IN SERVICE DESIGN; Parlamentare","MISTO (MISTO) (18.10.2022","MISTO"
"308857","FRANCESCO EMILIO","BORRELLI","ALLEANZA VERDI E SINISTRA","proporzionale","CAMPANIA 1 - P02","Giornalista professionista","MISTO (MISTO) (18.10.2022","MISTO"
"308816","ELISABETTA","PICCOLOTTI","ALLEANZA VERDI E SINISTRA","proporzionale","PUGLIA - P04","Laurea in comunicazione nella società della globalizzazione; Consulente Senior per la comunicazione","MISTO (MISTO) (18.10.2022","MISTO"
"308785","ILARIA","CAVO",,,"LIGURIA - P01","LAUREA IN SCIENZE POLITICHE; Giornalista professionista in aspettativa","NOI MODERATI (NOI CON L'ITALIA, CORAGGIO ITALIA, UDC E ITALIA AL CENTRO)-MAIE-CENTRO POPOLARE (NM(N-C-U-I)M-CP) (27.10.2022","NM(N-C-U-I)M-CP"
"308797","MARTINA","SEMENZATO",,,"VENETO 1 - P01","Laurea in scienze politiche; Quadro Umana S.p.A.; Past-president sezione vetro Confindustria Venezia-Rovigo","NOI MODERATI (NOI CON L'ITALIA, CORAGGIO ITALIA, UDC E ITALIA AL CENTRO)-MAIE-CENTRO POPOLARE (NM(N-C-U-I)M-CP) (27.10.2022","NM(N-C-U-I)M-CP"
"308763","MIRCO","CARLONI",,,"MARCHE - P01","Laurea in scienze giuridiche, Laurea in giurisprudenza; Professore a contratto di discipline economiche; Imprenditore","LEGA - SALVINI PREMIER (LEGA) (18.10.2022","LEGA"
"308791","ATTILIO","PIERRO",,,"CAMPANIA 2 - P02","Diploma di istituto tecnico per geometri; Operaio comunità montana","LEGA - SALVINI PREMIER (LEGA) (18.10.2022","LEGA"
"308770","DARIO","GIAGONI",,,"SARDEGNA - P01","Diploma di istituto tecnico per geometri; Geometra, professionista abilitato","LEGA - SALVINI PREMIER (LEGA) (18.10.2022","LEGA"
"307360","ROSSANO","SASSO",,,"PUGLIA - P03","Insegnante","LEGA - SALVINI PREMIER (LEGA) (18.10.2022","LEGA"
"308918","NICOLA","OTTAVIANI",,,"LAZIO 2 - P02","Laurea in giurisprudenza; Avvocato penalista, Esperto di diritto penale commerciale","LEGA - SALVINI PREMIER (LEGA) (18.10.2022","LEGA"
"307285","LAURA","CAVANDOLI",,,"EMILIA-ROMAGNA - P01","Dottorato di ricerca; Avvocato","LEGA - SALVINI PREMIER (LEGA) (18.10.2022","LEGA"
"308830","DAVIDE","BELLOMO",,,"PUGLIA - P02","Laurea in giurisprudenza; Avvocato penalista.","LEGA - SALVINI PREMIER (LEGA) (18.10.2022","LEGA"
"307420","VIRGINIO","CAPARVI",,,"UMBRIA - P01","Laurea in scienze e trecnologie informatiche","LEGA - SALVINI PREMIER (LEGA) (18.10.2022","LEGA"
"307749","ALBERTO","BAGNAI",,,"ABRUZZO - P01","Laurea in economia e commercio, Dottorato di ricerca in Scienze economiche; Professore associato di Politica economica","LEGA - SALVINI PREMIER (LEGA) (18.10.2022","LEGA"
"307173","GIORGIA","LATINI",,,"MARCHE - P01","Laurea in giurisprudenza; Assessore comunale; Assessore regionale, Avvocato","LEGA - SALVINI PREMIER (LEGA) (18.10.2022","LEGA"
"307918","ANDREA","DE BERTOLDI",,,"TRENTINO-ALTO ADIGE/SÜDTIROL - P01","Laurea in economia e commercio, Master fisco internazionale; Commercialista, Revisore contabile","LEGA - SALVINI PREMIER (LEGA) (18.10.2022","LEGA"
"307903","VALERIA CARMELA MARIA","SUDANO",,,"SICILIA 2 - P02","Laurea in giurisprudenza; Avvocato civilista specializzato in diritto societario e bancario","LEGA - SALVINI PREMIER (LEGA) (18.10.2022","LEGA"
"308878","ELISA","MONTEMAGNI",,,"TOSCANA - P01","Diploma di istituto tecnico per geometri; Geometra","LEGA - SALVINI PREMIER (LEGA) (18.10.2022","LEGA"
"307300","JACOPO","MORRONE",,,"EMILIA-ROMAGNA - P03","Laurea in giurisprudenza; Avvocato","LEGA - SALVINI PREMIER (LEGA) (18.10.2022","LEGA"
"308836","SIMONETTA","MATONE",,,"LAZIO 1 - P01","Laurea in giurisprudenza; Magistrato di cassazione","LEGA - SALVINI PREMIER (LEGA) (18.10.2022","LEGA"
"307851","TIZIANA","NISINI",,,"TOSCANA - P02","Diploma di Ragioneria; Dipendente Istituti di credito","LEGA - SALVINI PREMIER (LEGA) (18.10.2022","LEGA"
"308840","ANTONIO","CASO",,,"CAMPANIA 1 - P01","Laurea in informatica; Insegnante di scuola secondaria superiore; Informatico","MOVIMENTO 5 STELLE (M5S) (18.10.2022","M5S"
"307394","DAVIDE","AIELLO",,,"SICILIA 1 - P01","Laurea magistrale in giurisprudenza; Parlamentare","MOVIMENTO 5 STELLE (M5S) (18.10.2022","M5S"
"308844","DARIO","CAROTENUTO",,,"CAMPANIA 1 - P01","Diploma di istituto tecnico industriale; Giornalista, documentarista, videomaker","MOVIMENTO 5 STELLE (M5S) (18.10.2022","M5S"
"308846","CARMELA","AURIEMMA",,,"CAMPANIA 1 - P02","Laurea in giurisprudenza, Master in diritto ambientale, Corso di perfezionamento di tutela dei diritti dinnazi alla Corte di giustizia europea, Corso di perfezionamento in diritto d'impresa; Avvocato specializzato in diritto dell'Ue.","MOVIMENTO 5 STELLE (M5S) (18.10.2022","M5S"
"307863","MARCO","PELLEGRINI",,,"PUGLIA - P01","LAUREA IN INGEGNERIA CIVILE - EDILE; INGEGNERE, IMPRENDITORE","MOVIMENTO 5 STELLE (M5S) (18.10.2022","M5S"
"308849","GAETANO","AMATO",,,"CAMPANIA 1 - P02","Laurea in scienze delle attività motorie  e sportive; Attore, Scrittore","MOVIMENTO 5 STELLE (M5S) (18.10.2022","M5S"
"308789","MARIA IMMACOLATA","VIETRI",,,"CAMPANIA 2 - P02","Diploma di liceo scientifico; Libero professionista","FRATELLI D'ITALIA (FDI) (18.10.2022","FDI"
"308833","SAVERIO","CONGEDO",,,"PUGLIA - P04","Laurea in economia e commercio; Commercialista e Revisiore dei conti","FRATELLI D'ITALIA (FDI) (18.10.2022","FDI"
"308877","FABRIZIO","ROSSI",,,"TOSCANA - P02","Laurea in giurisprudenza;Avvocato civilista e penalista, Vicesindaco del Comune di Grosseto, Assessore all'Urbanistica, Sport, Società partecipate","FRATELLI D'ITALIA (FDI) (18.10.2022","FDI"
"308855","SILVIO","GIOVINE",,,"VENETO 2 - P02","Laurea in giurisprudenza;","FRATELLI D'ITALIA (FDI) (18.10.2022","FDI"
"308795","CARMINE FABIO","RAIMONDO",,,"LOMBARDIA 4 - P01","Laurea in giurisprudenza; Avvocato","FRATELLI D'ITALIA (FDI) (18.10.2022","FDI"
"308765","GIOVANNI LUCA","CANNATA",,,"SICILIA 2 - P03","Master in innovazione e management nella pubblica amministrazione; Dirigente pubblico, Dottore Commercialista, Revisore legale dei conti","FRATELLI D'ITALIA (FDI) (18.10.2022","FDI"
"308769","BARBARA","POLO",,,"SARDEGNA - P01","Diploma di istituto tecnico commerciale; amministratore comunale","FRATELLI D'ITALIA (FDI) (18.10.2022","FDI"
"307400","MARIA CAROLINA","VARCHI",,,"SICILIA 1 - P01","Avvocato penalista","FRATELLI D'ITALIA (FDI) (18.10.2022","FDI"
"307162","SALVATORE","CAIATA",,,"BASILICATA - P01","Laurea in scienze dell'economia; Imprenditore","FRATELLI D'ITALIA (FDI) (18.10.2022","FDI"
"308786","GEROLAMO","CANGIANO",,,"CAMPANIA 2 - P01","Laurea in giurisprudenza, Dottorato di ricerca; Imprenditore","FRATELLI D'ITALIA (FDI) (18.10.2022","FDI"
"308787","CARMEN LETIZIA","GIORGIANNI",,,"CAMPANIA 2 - P01","Laurea in filosofia, Master in ""Esperto in cultura di impresa"" conseguito presso la facoltà di Economia e commercio di Collescipoli (TR); Giornalista, Consulente in materia economica e finanziaria per il gruppo parlamentare FDI","FRATELLI D'ITALIA (FDI) (18.10.2022","FDI"
"307918","ANDREA","DE BERTOLDI",,,"TRENTINO-ALTO ADIGE/SÜDTIROL - P01","Laurea in economia e commercio, Master fisco internazionale; Commercialista, Revisore contabile","FRATELLI D'ITALIA (FDI) (18.10.2022","FDI"
"308935","DANIELA","DONDI",,,"EMILIA-ROMAGNA - P02","Laurea in giurisprudenza; Avvocato civilista","FRATELLI D'ITALIA (FDI) (18.10.2022","FDI"
"308798","CARLO","NORDIO",,,"VENETO 1 - P01","Laurea in giurisprudenza; Procuratore aggiunto della Repubblica","FRATELLI D'ITALIA (FDI) (18.10.2022","FDI"
"308938","MAURO","MALAGUTI",,,"EMILIA-ROMAGNA - P03","Laurea in Lettere; Giornalista","FRATELLI D'ITALIA (FDI) (18.10.2022","FDI"
"308828","MARIANGELA","MATERA",,,"PUGLIA - P01","Laurea in economia e commercio; Commercialista","FRATELLI D'ITALIA (FDI) (18.10.2022","FDI"
"308866","GUERINO","TESTA",,,"ABRUZZO - P01","Laurea in economia e commercio; Commercialista","FRATELLI D'ITALIA (FDI) (18.10.2022","FDI"
"308831","DARIO","IAIA",,,"PUGLIA - P03","Laurea in giurisprudenza; Avvocato penalista","FRATELLI D'ITALIA (FDI) (18.10.2022","FDI"
"308794","GIANGIACOMO","CALOVINI",,,"LOMBARDIA 3 - P02","Laurea in Relazioni Internazionali; Libero professionista","FRATELLI D'ITALIA (FDI) (18.10.2022","FDI"
"308934","ILENIA","MALAVASI",,,"EMILIA-ROMAGNA - P01","Laurea in lettere classiche, Scuola di Specializzazione in Archeologia; Sindaco","PARTITO DEMOCRATICO - ITALIA DEMOCRATICA E PROGRESSISTA (PD-IDP) (18.10.2022","PD-IDP"
"308880","FEDERICO","GIANASSI",,,"TOSCANA - P03","Laurea in giurisprudenza, Dottorato di ricerca in diritto internazionale; Avvocato, già Presidente di Circoscrizione nel Comune di Firenze, Assessore al Bilancio, Società partecipate, Attività economiche del Comune di Firenze","PARTITO DEMOCRATICO - ITALIA DEMOCRATICA E PROGRESSISTA (PD-IDP) (18.10.2022","PD-IDP"
"308835","PAOLO","CIANI",,,"LAZIO 1 - P01","Laurea in storia dell'arte; Amministratore locale","PARTITO DEMOCRATICO - ITALIA DEMOCRATICA E PROGRESSISTA (PD-IDP) (18.10.2022","PD-IDP"
"307185","MARTA ANTONIA","FASCINA",,,"SICILIA 1 - P02","Laurea in lettere e filosofia; Addetto stampa","FORZA ITALIA - BERLUSCONI PRESIDENTE - PPE (FI-PPE) (18.10.2022","FI-PPE"
"308830","DAVIDE","BELLOMO",,,"PUGLIA - P02","Laurea in giurisprudenza; Avvocato penalista.","FORZA ITALIA - BERLUSCONI PRESIDENTE - PPE (FI-PPE) (18.10.2022","FI-PPE"
"308793","MAURIZIO","CASASCO",,,"LOMBARDIA 3 - P02","Laurea in medicina e chirurgia, specializzazione medicina dello sport; Medico dello sport, imprenditore","FORZA ITALIA - BERLUSCONI PRESIDENTE - PPE (FI-PPE) (18.10.2022","FI-PPE"
"307248","ERICA","MAZZETTI",,,"TOSCANA - P01","Diploma di istituto tecnico per geometri; Libero professionista","FORZA ITALIA - BERLUSCONI PRESIDENTE - PPE (FI-PPE) (18.10.2022","FI-PPE"
"308788","FRANCESCO MARIA","RUBANO",,,"CAMPANIA 2 - P01","Laurea in giurisprudenza; Consulente legale","FORZA ITALIA - BERLUSCONI PRESIDENTE - PPE (FI-PPE) (18.10.2022","FI-PPE"
"308879","CHIARA","TENERINI",,,"TOSCANA - P02","Diploma di liceo scientifico; Imprenditore immobiliare","FORZA ITALIA - BERLUSCONI PRESIDENTE - PPE (FI-PPE) (18.10.2022","FI-PPE"
"308838","ANTONIO","TAJANI",,,"LAZIO 1 - P02","Laurea in giurisprudenza; Giornalista professionista","FORZA ITALIA - BERLUSCONI PRESIDENTE - PPE (FI-PPE) (18.10.2022","FI-PPE"
"307436","RICCARDO","MAGI",,,"PIEMONTE 1 - P01","Laurea in scienze storiche; già Segretario Radicali italiani, Presidente di +Europa","MISTO (MISTO) (18.10.2022","MISTO"
"308785","ILARIA","CAVO",,,"LIGURIA - P01","LAUREA IN SCIENZE POLITICHE; Giornalista professionista in aspettativa","MISTO (MISTO) (18.10.2022","MISTO"
"308760","FRANCO","MANES",,,"VALLE D'AOSTA","Laurea in architettura; Architetto, già Sindaco del Comune di Doues e Presidente del Consorzio degli enti locali della Valle d'Aosta","MISTO (MISTO) (18.10.2022","MISTO"
"307918","ANDREA","DE BERTOLDI",,,"TRENTINO-ALTO ADIGE/SÜDTIROL - P01","Laurea in economia e commercio, Master fisco internazionale; Commercialista, Revisore contabile","MISTO (MISTO) (18.10.2022","MISTO"
"308797","MARTINA","SEMENZATO",,,"VENETO 1 - P01","Laurea in scienze politiche; Quadro Umana S.p.A.; Past-president sezione vetro Confindustria Venezia-Rovigo","MISTO (MISTO) (18.10.2022","MISTO"
"307246","GIOVANNI","DONZELLI","FRATELLI D'ITALIA CON GIORGIA MELONI","proporzionale","TOSCANA - P03",,"FRATELLI D'ITALIA (FDI) (18.10.2022","FDI"
"308843","MICHELA","DI BIASE","PARTITO DEMOCRATICO - ITALIA DEMOCRATICA E PROGRESSISTA","proporzionale","LAZIO 1 - P02",,"PARTITO DEMOCRATICO - ITALIA DEMOCRATICA E PROGRESSISTA (PD-IDP) (18.10.2022","PD-IDP"
"308801","GIANANGELO","BOF","LEGA PER SALVINI PREMIER","proporzionale","VENETO 1 - P01",,"LEGA - SALVINI PREMIER (LEGA) (18.10.2022","LEGA"
"308917","CHIARA","COLOSIMO",,,"LAZIO 2 - P02",,"FRATELLI D'ITALIA (FDI) (18.10.2022","FDI"
"307889","MASSIMO","RUSPANDINI",,,"LAZIO 2 - P02",,"FRATELLI D'ITALIA (FDI) (18.10.2022","FDI"
"307151","SIMONE","BILLI","LEGA PER SALVINI PREMIER - FORZA ITALIA - FRATELLI D'ITALIA","proporzionale","EUROPA","Laurea in ingegneria industriale; manager aziendale","LEGA - SALVINI PREMIER (LEGA) (18.10.2022","LEGA"
"309140","ANTONIO","FERRARA","MOVIMENTO 5 STELLE","proporzionale","LOMBARDIA 2 - P01","Bachelor Hons. Degree Hospitality Management ","MOVIMENTO 5 STELLE (M5S) (18.10.2022","M5S"
"309200","ANTONIO MARIA","GABELLONE","FRATELLI D'ITALIA CON GIORGIA MELONI","proporzionale","PUGLIA - P04","Laurea in farmacia; Farmacista","FRATELLI D'ITALIA (FDI) (18.10.2022","FDI"
"308832","ALESSIA","AMBROSI","FRATELLI D'ITALIA CON GIORGIA MELONI","proporzionale","TRENTINO-ALTO ADIGE/SÜDTIROL - P01","Diploma di liceo scientifico, Master in commercio estero; Dipendente di azienda bancaria","FRATELLI D'ITALIA (FDI) (18.10.2022","FDI"
"309220","ALBERTO","PANDOLFO","PARTITO DEMOCRATICO - ITALIA DEMOCRATICA E PROGRESSISTA","proporzionale","LIGURIA - P01","Laurea in ingegneria edile - architettura; Ingegnere","PARTITO DEMOCRATICO - ITALIA DEMOCRATICA E PROGRESSISTA (PD-IDP) (18.10.2022","PD-IDP"
"308600","ANDREA","CASU","PARTITO DEMOCRATICO - ITALIA DEMOCRATICA E PROGRESSISTA","proporzionale","LAZIO 1 - P01","Laurea in scienze dell'amministrazione","PARTITO DEMOCRATICO - ITALIA DEMOCRATICA E PROGRESSISTA (PD-IDP) (18.10.2022","PD-IDP"
"307161","NICOLA","CARE'","PARTITO DEMOCRATICO - ITALIA DEMOCRATICA E PROGRESSISTA","proporzionale","AFRICA ASIA OCEANIA ANTARTIDE"," Imprenditore","PARTITO DEMOCRATICO - ITALIA DEMOCRATICA E PROGRESSISTA (PD-IDP) (18.10.2022","PD-IDP"
